"UUID","FILE","QUOTE_TRANSCRIPTION","ANCHOR","TYPE","URI","VOCAB_LABEL","VOCAB_TEMPORAL_BOUNDS","LAT","LNG","PLACE_TYPE","VERIFICATION_STATUS","TAGS","COMMENTS"
"552cc51a-0491-495e-a650-c5fdf4fe26dc","dillereng.txt","Anaximander","char-offset:5","PERSON","","","","","","","","",""
"f285caf4-f83c-4a10-b790-b59f33e94d72","dillereng.txt","Miletus","char-offset:20","PLACE","http://pleiades.stoa.org/places/599799","Miletus|Miletos/Miletus, Milet, Balat, Didim","-1750/2000","37.5292362","27.2774885","theatre,settlement,port","UNVERIFIED","",""
"1e84c256-474d-4737-a321-c0021b473fdf","dillereng.txt","Thales","char-offset:41","PERSON","","","","","","","","",""
"9affddcb-2198-49ca-b7ab-8a4aed260d4f","dillereng.txt","Hecataeus","char-offset:102","PERSON","","","","","","","","",""
"16d2a863-020c-4056-9f2d-3f976660b4e6","dillereng.txt","Miletus","char-offset:115","PLACE","http://pleiades.stoa.org/places/599799","Miletus|Miletos/Miletus, Milet, Balat, Didim","-1750/2000","37.5292362","27.2774885","theatre,settlement,port","UNVERIFIED","",""
"f8885b9b-3fa0-470d-8b19-d5b1b9a56840","dillereng.txt","Lesbos","char-offset:193","PLACE","http://pleiades.stoa.org/places/550696","Lesbos (island)|Lesbos Ins./Lesbus Ins., Lesbos","1700/2100","39.20874","26.10052","island","UNVERIFIED","",""
"a191ee77-2758-42b8-9bc9-9d2553fe7b26","dillereng.txt","Citium","char-offset:274","PLACE","http://pleiades.stoa.org/places/123082","Citium","-0030/0640","","","unlocated","UNVERIFIED","",""
"e84dba58-9a53-4957-8df5-746979fac4cc","dillereng.txt","Hecataeus","char-offset:325","PERSON","","","","","","","","",""
"ed7a7eb9-b1f7-4081-9a5e-3a1c19e09250","dillereng.txt","Hellas","char-offset:470","PLACE","http://pleiades.stoa.org/places/1001896","Hellas","-0550/2100","37.5","22.5","province","UNVERIFIED","",""
"62624850-9bf6-4525-aa72-44896e2d4249","dillereng.txt","Delphi","char-offset:495","PLACE","http://sws.geonames.org/263219","Delphi","","38.47942","22.49357","","UNVERIFIED","",""
"22674c83-f4b6-4faa-9737-0a587a563b9a","dillereng.txt","Hellas","char-offset:519","PLACE","http://pleiades.stoa.org/places/1001896","Hellas","-0550/2100","37.5","22.5","province","UNVERIFIED","",""
"4348c6e2-dca8-432c-a7cd-47adfd2634d8","dillereng.txt","India","char-offset:1011","PLACE","http://pleiades.stoa.org/places/50004","India","-0330/0300","22.5","77.5","region","UNVERIFIED","",""
"ac578ff0-1b53-41c8-a0fb-986292cf8b3b","dillereng.txt","of Europe and Libya the Pillars of Hercules","char-offset:1052","EVENT","","","","","","","","relation|conceptual",""
"1c796a22-45cc-411f-bdc8-ab5b5a236a91","dillereng.txt","Europe","char-offset:1055","PLACE","http://pleiades.stoa.org/places/1001887","Europe","","42.5","27.5","province","UNVERIFIED","",""
"e167dddf-fe0c-4c88-8213-54be8c49954b","dillereng.txt","Libya","char-offset:1066","PLACE","http://pleiades.stoa.org/places/716588","Libya","-0030/0640","31.5","26.5","region","UNVERIFIED","",""
"41e5029d-cc58-421c-8dd9-d3ece830ea95","dillereng.txt","Pillars","char-offset:1076","PLACE","http://pleiades.stoa.org/places/275614","Columnae Herculis","-0750/0300","35.9358335","-5.384583","cape","VERIFIED","",""
"984b5b49-f7cf-435d-83c3-2d9ffc5605ec","dillereng.txt","of Libya and Asia the Nile","char-offset:1097","EVENT","","","","","","","","relation|conceptual",""
"ee27b734-19c6-480e-bb78-5aa0bcaf3848","dillereng.txt","Libya","char-offset:1100","PLACE","http://pleiades.stoa.org/places/716588","Libya","-0030/0640","31.5","26.5","region","UNVERIFIED","",""
"52ca17b6-3e98-43c2-91b5-83676a6c3f9a","dillereng.txt","Asia","char-offset:1110","PLACE","http://pleiades.stoa.org/places/981509","Asia","","37.5","27.5","province","UNVERIFIED","",""
"9f50ad83-1e0a-4c9c-b96e-63ae4a780cbc","dillereng.txt","Nile","char-offset:1119","PLACE","http://pleiades.stoa.org/places/727172","Nilus (river)","-6000/2100","19.211408766666665","30.567329633333333","river","VERIFIED","",""
"fea7749c-3d01-4b1e-8a48-f63d7b043961","dillereng.txt","the isthmus between Lake Serbonis and the Arabian gulf","char-offset:1138","EVENT","","","","","","","","relation|conceptual",""
"29fe11a5-0442-44b5-b54c-3de5f4abbe1f","dillereng.txt","isthmus","char-offset:1142","PLACE","http://pleiades.stoa.org/places/570317","Isthmos","","37.9510881","22.9602226","isthmus","UNVERIFIED","",""
"531457b7-2907-4d5b-86b4-df82dbaaa17e","dillereng.txt","Serbonis","char-offset:1163","PLACE","http://pleiades.stoa.org/places/688025","Serbonitis L.","","31.25","33.25","lake","VERIFIED","",""
"b1e9f292-c423-43fa-9e10-46ce00fb815b","dillereng.txt","Arabian gulf","char-offset:1180","PLACE","http://pleiades.stoa.org/places/29713","Persicus Sinus/Erythr(ae)um Mare","-0750/2100","27.0000001","50.9999999","water-open","VERIFIED","",""
"bfc1336e-baf9-40ae-80a9-49b5734c074d","dillereng.txt","of Asia and Europe the ancients said the Phasis River and the isthmus to the Caspian, the later and more recent ones say Lake Maeotis and the Tanais River","char-offset:1194","EVENT","","","","","","","","relation|conceptual",""
"141e964a-8c85-4314-969f-6e4c06fb2289","dillereng.txt","Asia","char-offset:1197","PLACE","http://pleiades.stoa.org/places/981509","Asia","","37.5","27.5","province","UNVERIFIED","",""
"5d7ba18b-de9f-45a9-b2dd-45229e367bc9","dillereng.txt","Europe","char-offset:1206","PLACE","http://pleiades.stoa.org/places/1001887","Europe","","42.5","27.5","province","UNVERIFIED","",""
"5c5b8eda-5011-4526-a694-ac193254359a","dillereng.txt","Phasis River","char-offset:1235","PLACE","http://pleiades.stoa.org/places/857276","Phasis (river)","-0750/0640","42.1237505","42.2161531","river","VERIFIED","",""
"e969c33d-5afd-4fd2-81c9-f30254a3b3f2","dillereng.txt","isthmus","char-offset:1256","PLACE","http://pleiades.stoa.org/places/570317","Isthmos","","37.9510881","22.9602226","isthmus","UNVERIFIED","",""
"28163a5f-78c4-44ec-84e7-552056afa045","dillereng.txt","Caspian","char-offset:1271","PLACE","http://pleiades.stoa.org/places/884130","Caspium/Hyrcanium Mare","-0550/0640","42.6759567125","49.98680535","lake,water-open","VERIFIED","",""
"8a072dc1-a368-4cef-bc8a-c231d1271732","dillereng.txt","Maeotis","char-offset:1320","PLACE","http://pleiades.stoa.org/places/825318","Maeotis","-0750/0640","45.814417000000006","35.862586","water-open","VERIFIED","",""
"8e0158a1-5c7c-4e43-bd5a-104100e179ad","dillereng.txt","Tanais","char-offset:1336","PLACE","http://pleiades.stoa.org/places/59844","Iaxartes/Silis/Tanais (river)","-0330/0640","45.7077742","63.5889496","river","VERIFIED","",""
"74f91c47-0a0f-4707-ae8e-e3af865ad190","dillereng.txt","Asia","char-offset:1437","PLACE","http://pleiades.stoa.org/places/981509","Asia","","37.5","27.5","province","UNVERIFIED","",""
"edfc7a66-719c-475c-908a-781cb79bdd71","dillereng.txt","Europe","char-offset:1503","PLACE","http://pleiades.stoa.org/places/1001887","Europe","","42.5","27.5","province","UNVERIFIED","",""
"62d8325a-3217-4205-8681-f1ab696a3514","dillereng.txt","Euboea Andros Tenos Myconos Icaria Samos Mycale","char-offset:1558","EVENT","","","","","","","","relation|navigational",""
"68fd007b-a609-41ff-a0c7-91674ad96d8a","dillereng.txt","Euboea","char-offset:1558","PLACE","http://pleiades.stoa.org/places/540775","Euboea (island)|Euboea Ins./Euboia, Euboia","-0550/-0330","38.53","23.87","island","VERIFIED","",""
"41d86aef-5034-43cb-a001-121150958f86","dillereng.txt","Andros","char-offset:1565","PLACE","http://pleiades.stoa.org/places/589692","Andros (settlement)|Andros (island)|Andros Ins., Andros|Andros, Palaiopolis, Andros","-0550/0300","37.8528","24.86222","island,settlement-modern,settlement","VERIFIED","",""
"91e931a2-ffca-4c6c-b586-0b2873c278bc","dillereng.txt","Tenos","char-offset:1572","PLACE","http://pleiades.stoa.org/places/590074","Tenos (island)|Tenos|Exomvourgo|Tenos, Tinos|Tenos Ins., Tinos|Poseidon, Amphitrite, T.|Poseidon/Amphitrite, Kionia, Tinos","-0750/0640","37.577564","25.167742","island,settlement,temple-2","VERIFIED","",""
"0fdf11cb-82b9-4a37-89cc-cd8539d1e892","dillereng.txt","Myconos","char-offset:1578","PLACE","http://pleiades.stoa.org/places/599808","Mykonos (island)|Mykonos|Mykonos, Mykonos|Mykonos Ins., Mykonos","-0750/0640","37.445959","25.328619","island,settlement","VERIFIED","",""
"dc799c43-14ae-4fe9-9b65-c7d1ecd2e7ef","dillereng.txt","Icaria","char-offset:1586","PLACE","http://pleiades.stoa.org/places/599667","Ikaros (island)|Ikaros/Ikaria, Ikaria","-0030/0300","37.6136166","26.2536135","island","VERIFIED","",""
"669c3136-aaa5-4e8f-a3d1-9f8739db6f6a","dillereng.txt","Samos","char-offset:1593","PLACE","http://pleiades.stoa.org/places/599926","Samos|Samos (island)|Samos Ins./Samus Ins., Samos|Samos, Samos|Heraion|Heraion, Heraion","-0750/0640","37.73","26.84","island,sanctuary,settlement,temple-2","VERIFIED","",""
"c7ce1060-7bcc-4e94-bc7f-d632518164b2","dillereng.txt","Mycale","char-offset:1599","PLACE","http://pleiades.stoa.org/places/599805","Mycale M.|Mycale Mons, Samsun Dağ","-0750/0300","37.66144","27.12558","mountain","VERIFIED","",""
"1e7d800d-07cc-4c99-ace4-aaf4b0ef9c0a","dillereng.txt","Europe","char-offset:1607","PLACE","http://pleiades.stoa.org/places/1001887","Europe","","42.5","27.5","province","UNVERIFIED","",""
"feebde8c-76d4-4992-abce-626238c91e61","dillereng.txt","Libya","char-offset:1649","PLACE","http://pleiades.stoa.org/places/716588","Libya","-0030/0640","31.5","26.5","region","UNVERIFIED","",""
"6f54172c-1314-41fb-a67a-bc36927387e5","dillereng.txt","from the Pillars through Sardinia Sicily Peloponnesus Ionia Caria Lycia Pamphylia Cilicia and Taurus on to Mt Imaus","char-offset:1888","EVENT","","","","","","","","relation|conceptual",""
"8674b1e3-c81e-47b0-bf48-6ee8099f3ae9","dillereng.txt","Pillars","char-offset:1897","PLACE","http://pleiades.stoa.org/places/275614","Columnae Herculis","-0750/0300","35.9358335","-5.384583","cape","VERIFIED","",""
"2be3a19c-db32-48b6-ba30-522b6e8cbdf9","dillereng.txt","Sardinia","char-offset:1913","PLACE","http://pleiades.stoa.org/places/991344","Sardinia","","37.5","7.5","province","VERIFIED","",""
"3a9d5928-36ee-4649-8809-082e7d25c675","dillereng.txt","Sicily","char-offset:1922","PLACE","http://pleiades.stoa.org/places/462492","Sicilia (island)","-0750/2100","37.53667611952188","14.08648464579389","island","VERIFIED","",""
"09324f28-f514-4183-9bfb-7c7dea81ea87","dillereng.txt","Peloponnesus","char-offset:1929","PLACE","http://pleiades.stoa.org/places/570577","Peloponnesus/Peloponnesos/Peloponnese","-0550/0640","37.25289777692308","22.312752688461543","peninsula,region","VERIFIED","",""
"57ecb653-291a-4f72-a60e-ef1a9c6c6f09","dillereng.txt","Ionia","char-offset:1942","PLACE","http://pleiades.stoa.org/places/550597","Ionia (region)","-0750/0640","38.258572855555556","27.36601213333333","region","VERIFIED","",""
"3f61e40b-1208-4548-807a-4165ac7347cd","dillereng.txt","Caria","char-offset:1948","PLACE","http://pleiades.stoa.org/places/991381","Caria","","37.213163833551015","28.088996902733474","province","VERIFIED","",""
"c0f6465d-25e1-4c65-88a4-0c6f072a1b73","dillereng.txt","Lycia","char-offset:1954","PLACE","http://pleiades.stoa.org/places/638965","Lycia","-0550/0640","36.513688333333334","29.129618500000003","region","VERIFIED","",""
"23045a0b-b375-49cb-886f-ab07c12f93cf","dillereng.txt","Pamphylia","char-offset:1960","PLACE","http://pleiades.stoa.org/places/1001913","Pamphylia","","37.5","32.5","province","VERIFIED","",""
"28204e90-94e5-423f-94f2-59d372591c8e","dillereng.txt","Cilicia","char-offset:1970","PLACE","http://pleiades.stoa.org/places/628957","Cilicia","-0330/0300","38.25","35.75","unknown","VERIFIED","",""
"444fb9f0-548f-457d-bdc6-cc9dc77ad6fa","dillereng.txt","Taurus","char-offset:1982","PLACE","http://pleiades.stoa.org/places/648792","Taurus M.|Taurus Mons, Demirkazık Dağı, Toros Dağları","-9000/2000","37.83546","35.14519","settlement,mountain","VERIFIED","",""
"6cfe8040-1b05-420f-b21f-45df41d0851c","dillereng.txt","Imaus","char-offset:1998","PLACE","http://pleiades.stoa.org/places/59834","Hemodos/Imaus/Caucasus M.","-0330/0640","32.5","77.5","mountain","VERIFIED","",""
"35770297-15d5-4c90-9f71-2b4f838e87ff","dillereng.txt","Bactrians","char-offset:2926","PLACE","http://pleiades.stoa.org/places/971705","Bactria","-0550/0300","37.5","67.5","region","VERIFIED","",""
"750b5959-1a8e-4a19-ac77-e2dfceaeb9a9","dillereng.txt","Indians","char-offset:2951","PLACE","http://pleiades.stoa.org/places/59849","Indoi","-0550/-0330","27.5","67.5","people","VERIFIED","",""
"713d9be2-5479-4280-bf60-dd617f59971c","dillereng.txt","Red Sea","char-offset:2980","PLACE","http://pleiades.stoa.org/places/39290","Arabicus Sinus/Erythr(ae)um/Rubrum Mare","-0030/2100","19.0","39.5","water-open","VERIFIED","",""
"6eef24c0-09a9-4d39-b9e5-052dd98c299d","dillereng.txt","Aethiopia","char-offset:2992","PLACE","http://pleiades.stoa.org/places/334481","Aethiopia","-0030/0300","32.5","3.5","region","VERIFIED","",""
"992faff1-7652-4128-9c86-a89e913bbc09","dillereng.txt","Aethiopia beyond Egypt","char-offset:3017","PLACE","","","","","","","UNVERIFIED","",""
"ca3dfc28-4f7e-4b32-8de2-d51aa0010518","dillereng.txt","Garamantes","char-offset:3060","PLACE","http://pleiades.stoa.org/places/354116","Garamantes","-0550/0640","27.5","13.5","people","VERIFIED","",""
"ba027433-ad38-4edd-8a8f-e50caa3ba359","dillereng.txt","Syrtes","char-offset:3082","PLACE","","","","","","","UNVERIFIED","",""
"22aec1db-55da-4c38-bbed-4434c0b73512","dillereng.txt","western Aethiopians beyond Moors","char-offset:3103","PLACE","http://pleiades.stoa.org/places/1119","Mauretania","","32.5","-2.5","unknown","VERIFIED","",""
"50dc4dee-9ea2-4457-b392-92d02911eaed","dillereng.txt","Pillars","char-offset:3157","PLACE","http://pleiades.stoa.org/places/275614","Columnae Herculis","-0750/0300","35.9358335","-5.384583","cape","VERIFIED","",""
"7820f2b6-d971-4d9f-a9f9-7b9bd40dfff9","dillereng.txt","Libya","char-offset:3187","PLACE","http://pleiades.stoa.org/places/716588","Libya","-0030/0640","31.5","26.5","region","UNVERIFIED","",""
"32833fd5-2d32-470c-b761-9c44a9ed5782","dillereng.txt","Europe","char-offset:3197","PLACE","http://pleiades.stoa.org/places/1001887","Europe","","42.5","27.5","province","UNVERIFIED","",""
"a0f93535-392d-42ba-9061-aeebd9c9c483","dillereng.txt","Iberia","char-offset:3222","PLACE","http://pleiades.stoa.org/places/863807","Iberia","-0330/0640","41.836467999999996","44.6891385","region","VERIFIED","",""
"22efecdc-efb1-4471-9033-b2d0590c67a1","dillereng.txt","Celts","char-offset:3262","PLACE","http://pleiades.stoa.org/places/993","Gallia","","44.730982100000006","3.5988981583333333","region","VERIFIED","",""
"6e35da3f-fb3b-495b-bfb1-1d2f35af1f9f","dillereng.txt","Scythians beyond Thrace","char-offset:3307","PLACE","http://pleiades.stoa.org/places/1273","Scythia","-0750/0640","47.5","27.5","region","VERIFIED","",""
"c42e2039-f3cb-40fd-b3b7-2fd41eb5f54d","dillereng.txt","Pontus","char-offset:3347","PLACE","http://pleiades.stoa.org/places/857287","Pontus","-0550/0640","40.5","36.5","region","VERIFIED","",""
"3cee9227-cf1e-4856-9b80-8e814d423df5","dillereng.txt","Maeotis","char-offset:3354","PLACE","http://pleiades.stoa.org/places/825318","Maeotis","-0750/0640","45.814417000000006","35.862586","water-open","VERIFIED","",""
"cda9b3ef-eac0-4d19-ace8-19a9657f30dc","dillereng.txt","Sarmatians","char-offset:3362","PLACE","http://pleiades.stoa.org/places/825371","Sarmatia","-0550/0640","45.5","39.5","unknown","VERIFIED","",""
"38065983-fd37-4b92-8d30-301b437d2dd6","dillereng.txt","Caspian","char-offset:3394","PLACE","http://pleiades.stoa.org/places/884130","Caspium/Hyrcanium Mare","-0550/0640","42.6759567125","49.98680535","lake,water-open","VERIFIED","",""
"139d3239-4c4f-4813-81ef-f5aa192df0d4","dillereng.txt","Sacae","char-offset:3410","PLACE","http://pleiades.stoa.org/places/60021","Sacae","-0330/0640","37.5","72.5","people","VERIFIED","",""
"5f1d08a0-3bff-4c63-ad85-5ee0454d2684","dillereng.txt","Great Syrtis","char-offset:3430","PLACE","http://pleiades.stoa.org/places/344491","Syrtis Maior","","31.5","18.0","water-open","VERIFIED","",""
"2a6bac20-b28a-4fff-9ab1-35456b55e353","dillereng.txt","Little Syrtis","char-offset:3463","PLACE","http://pleiades.stoa.org/places/344492","Syrtis Minor","","34.0","10.416667","water-open","VERIFIED","",""
"233e794f-36c4-41a3-b127-0c5375c59438","dillereng.txt","Adriatic","char-offset:3507","PLACE","http://pleiades.stoa.org/places/1004","(H)Adriaticum/Superum Mare","-0330/-0030","42.7752864","15.885196","water-open","VERIFIED","",""
"a900b856-1334-4892-82ed-a1cf4e698868","dillereng.txt","Ionian","char-offset:3537","PLACE","http://pleiades.stoa.org/places/1046","Ionium Mare","-0750/0640","39.03244647555555","19.674861075555555","water-open","VERIFIED","",""
"c8b9426c-a8f6-4ba5-a466-ceac995d95bc","dillereng.txt","Iapygia","char-offset:3593","PLACE","http://pleiades.stoa.org/places/442763","Sallentinum/Iapygia|Sallentinum Pr./Iapygia Pr., Capo Santa Maria di Leuca","-0550/2100","39.796261","18.368275","cape","VERIFIED","",""
"2f57104d-3331-4516-b687-584588fdcedf","dillereng.txt","Ceraunian","char-offset:3608","PLACE","http://pleiades.stoa.org/places/481785","Ceraunii M.|Ceraunii M., Ceraunian Mountains","","40.198056","19.638889","mountain","VERIFIED","",""
"d7cb90b0-0825-4509-ac5c-bf087ad1a933","dillereng.txt","Epirus","char-offset:3631","PLACE","http://pleiades.stoa.org/places/530871","Epirus","-0750/0640","39.577073022222216","20.590387322222224","region","VERIFIED","",""
"098e5a0c-8ca1-4b57-afb5-d8c3e8d5bf13","dillereng.txt","Aegean","char-offset:3654","PLACE","http://pleiades.stoa.org/places/560221","Aegaeum Mare","-0550/2100","37.42245628773585","25.8829628235849","water-open","VERIFIED","",""
"72949287-64c4-4bfd-be44-51cfd6abffe8","dillereng.txt","Hellespont","char-offset:3675","PLACE","http://pleiades.stoa.org/places/981526","Hellespontus","","40.346685","26.699162","province","VERIFIED","",""
"603d4463-5707-4e9b-bbbb-3f64dd38df61","dillereng.txt","Abydus","char-offset:3696","PLACE","http://pleiades.stoa.org/places/501325","Abydos|Abydos, Maltepe","-0750/2000","40.19406","26.41122","settlement","VERIFIED","",""
"aaf2bbbf-f6b4-4f73-af24-5e3edeeb3cdc","dillereng.txt","Sestus","char-offset:3707","PLACE","http://pleiades.stoa.org/places/501609","Sestos|Sestos, Yalikabat","-0750/0300","40.21343","26.38916","settlement","VERIFIED","",""
"10e0edf5-c49b-48fc-bc1d-adbc6a150792","dillereng.txt","Propontis","char-offset:3724","PLACE","http://pleiades.stoa.org/places/511381","Propontis","-0550/2100","40.6666672","28.2499999","water-open","VERIFIED","",""
"ea3b7480-a268-47d7-a49d-c99569289d9d","dillereng.txt","Chalcedon","char-offset:3744","PLACE","http://pleiades.stoa.org/places/520988","Chalcedon|Chalcedon, Kadıköy","-0750/0640","40.983393","29.025789","settlement,port","VERIFIED","",""
"8e20c438-c339-49c9-8257-eab17bc5b5a3","dillereng.txt","Byzantium","char-offset:3758","PLACE","http://pleiades.stoa.org/places/520985","Constantinopolis|Byzantium|Byzantium/Byzantion/Constantinopolis, Istanbul","-0750/2100","41.012379","28.975926","settlement,urban","VERIFIED","",""
"98f4ce9e-3b53-49f2-bb9f-dcb01857dfb9","dillereng.txt","Pontus","char-offset:3806","PLACE","http://pleiades.stoa.org/places/857287","Pontus","-0550/0640","40.5","36.5","region","VERIFIED","",""
"fea18917-a8d8-4536-82b8-ba64f8938287","dillereng.txt","Maeotis","char-offset:3831","PLACE","http://pleiades.stoa.org/places/825318","Maeotis","-0750/0640","45.814417000000006","35.862586","water-open","VERIFIED","",""
"935b4d52-4989-4e95-b743-339449557115","dillereng.txt","Europe","char-offset:3869","PLACE","http://pleiades.stoa.org/places/1001887","Europe","","42.5","27.5","province","UNVERIFIED","",""
"31c951f1-36d6-411e-9046-cef5ee38cdf2","dillereng.txt","Libya","char-offset:3880","PLACE","http://pleiades.stoa.org/places/716588","Libya","-0030/0640","31.5","26.5","region","UNVERIFIED","",""
"0a83776a-572b-4e34-9206-d14a38bf5964","dillereng.txt","the Iberian Sea from the Pillars to Mt Pyrene","char-offset:3886","EVENT","","","","","","","","relation|navigational",""
"e6a56bd2-e74f-418d-a3e7-bcb66343181d","dillereng.txt","Iberian Sea","char-offset:3890","PLACE","http://pleiades.stoa.org/places/246419","Hispanum/(H)Ibericum Mare","","40.0000001","1.9999999","water-open","VERIFIED","",""
"96f30cf1-86f8-413b-afb5-4900618b3bee","dillereng.txt","Pillars","char-offset:3911","PLACE","http://pleiades.stoa.org/places/275614","Columnae Herculis","-0750/0300","35.9358335","-5.384583","cape","VERIFIED","",""
"f8db5afa-7846-4ba0-a0c3-f5cc673a4648","dillereng.txt","Pyrene","char-offset:3925","PLACE","http://pleiades.stoa.org/places/246582","Pyrenaei (mountains)|Pyrenaei Mons, Pyrenees Mts.","-0330/2100","42.67","1.0","mountain","VERIFIED","",""
"14bc65db-73ba-4458-a1ea-231d7c4c336f","dillereng.txt","Ligurian","char-offset:3937","PLACE","http://pleiades.stoa.org/places/157878","Ligusticum Mare","","43.5000002","8.9999997","water-open","VERIFIED","",""
"210ced2c-81bf-4dc2-b8a4-63b9828e3062","dillereng.txt","Etruria","char-offset:3971","PLACE","http://pleiades.stoa.org/places/413122","Etruria/Tuscia","-0750/0640","42.42102874792005","11.752744124826158","region","VERIFIED","",""
"573f57c0-5b86-4ce8-bb66-e4a862c1b7c7","dillereng.txt","Sardinian","char-offset:3984","PLACE","http://pleiades.stoa.org/places/472127","Sardoum Mare","","40.5","8.5","water-open","VERIFIED","",""
"89f38a77-04b0-49f6-ade5-dcd66919c5d2","dillereng.txt","Sardinia","char-offset:4001","PLACE","http://pleiades.stoa.org/places/991344","Sardinia","","37.5","7.5","province","VERIFIED","",""
"9ff3fb52-7553-4a92-9370-597534646447","dillereng.txt","Libya","char-offset:4031","PLACE","http://pleiades.stoa.org/places/716588","Libya","-0030/0640","31.5","26.5","region","VERIFIED","",""
"cdebe524-a310-46bc-846f-3eb5bdddad80","dillereng.txt","Tuscan","char-offset:4042","PLACE","http://pleiades.stoa.org/places/1356","Tyrrhenum/Inferum Mare","-0330/0640","41.66419815387763","12.054731855280693","water-open","VERIFIED","",""
"527047a7-db06-42c5-bf09-0eae4118aea6","dillereng.txt","Sicily","char-offset:4066","PLACE","http://pleiades.stoa.org/places/462492","Sicilia (island)","-0750/2100","37.53667611952188","14.08648464579389","island","VERIFIED","",""
"8df0ff1b-1df7-4ab6-abc0-4604a06bbaf1","dillereng.txt","Liguria","char-offset:4105","PLACE","http://pleiades.stoa.org/places/383698","Liguria","-0750/0640","44.22656549434755","9.235707726672372","region","VERIFIED","",""
"7e27e673-78f1-4f7a-a1fb-f637321f63ac","dillereng.txt","Libyan","char-offset:4123","PLACE","http://pleiades.stoa.org/places/716590","Libycum Mare","","31.5","25.5","water-open","VERIFIED","",""
"15548538-0949-4554-8755-554db0e61cc9","dillereng.txt","Cretan","char-offset:4140","PLACE","http://pleiades.stoa.org/places/589749","Creticum Mare","-0030/0300","35.75","24.75","water-open","VERIFIED","",""
"241573c3-3113-4f91-9fdd-fbfbe34cdf36","dillereng.txt","Sicilian","char-offset:4151","PLACE","http://pleiades.stoa.org/places/1282","Siculum/Ausonium Mare","","37.5","17.5","water-open","VERIFIED","",""
"0f4c9e7d-1a3c-4e18-a419-2a3fbcd8b672","dillereng.txt","Ionian","char-offset:4164","PLACE","http://pleiades.stoa.org/places/1046","Ionium Mare","-0750/0640","39.03244647555555","19.674861075555555","water-open","VERIFIED","",""
"e3695501-451b-42dc-8ed2-fcb6d5c7602e","dillereng.txt","Adriatic","char-offset:4175","PLACE","http://pleiades.stoa.org/places/1004","(H)Adriaticum/Superum Mare","-0330/-0030","42.7752864","15.885196","water-open","VERIFIED","",""
"e4c27c1f-229a-4d58-a2c6-635281eaad24","dillereng.txt","Sicilian","char-offset:4215","PLACE","http://pleiades.stoa.org/places/1282","Siculum/Ausonium Mare","","37.5","17.5","water-open","VERIFIED","",""
"5f16711c-ef4c-4fea-b802-9d6a534fe2d8","dillereng.txt","gulf of Corinth","char-offset:4249","PLACE","http://pleiades.stoa.org/places/570181","Corinthiacus Sinus","","38.175407050000004","22.395744800000003","water-open","VERIFIED","",""
"37a03f44-41d5-4601-a382-19d1390ad4ce","dillereng.txt","Halcyon sea","char-offset:4268","PLACE","","","","","","","UNVERIFIED","",""
"de8bd01c-0b6e-45e5-adee-08636741ce8f","dillereng.txt","Saronic","char-offset:4285","PLACE","http://pleiades.stoa.org/places/570654","Saronicus Sinus","-0030/0300","37.77606943333334","23.46300815833333","water-open","VERIFIED","",""
"93f06f17-c376-44bd-be1f-adbea7608be5","dillereng.txt","Sunium","char-offset:4309","PLACE","http://pleiades.stoa.org/places/580107","Athena, T.|Sounion|Sounion, Sounion|Athena, Sounion, Athena|Temple of Poseidon at Sounion|Poseidon, Sounion, Poseidon","-0550/0300","37.683423","24.0359195","sanctuary,settlement,temple-2","VERIFIED","",""
"5c4a14ec-f6b8-4e90-96d7-8f7ec8c3e9a3","dillereng.txt","Scyllaeum","char-offset:4320","PLACE","http://pleiades.stoa.org/places/452438","Scyllaeum Pr.|Scyllaeum Pr., Rocca di Scilla","","38.25615","15.7145","cape","VERIFIED","",""
"3d1c935f-0717-4c2b-906e-50729f42853d","dillereng.txt","Myrtoan","char-offset:4340","PLACE","http://pleiades.stoa.org/places/570495","Myrtoion Mare","","37.0","24.0","water-open","VERIFIED","",""
"2af6cb40-8a60-4518-84c6-2805331d20c1","dillereng.txt","Icarian","char-offset:4352","PLACE","http://pleiades.stoa.org/places/599668","Ikarion Mare","","37.5","26.333333","water-open","VERIFIED","",""
"8e0114b9-0c36-4d4d-a7bf-75768337fd21","dillereng.txt","Cyclades","char-offset:4378","PLACE","http://pleiades.stoa.org/places/560353","Cyclades Islands","-0030/0300","37.0415464153846","25.139512376923083","island,archipelago","VERIFIED","",""
"3692e968-10cb-4032-8ed5-664eb5a451a7","dillereng.txt","Carpathian","char-offset:4397","PLACE","http://pleiades.stoa.org/places/599691","Karpathion Mare","","36.688179500000004","27.372838499999997","water-open","VERIFIED","",""
"77bec917-8661-4d0b-a68f-3920a2c374e9","dillereng.txt","Pamphylian","char-offset:4412","PLACE","http://pleiades.stoa.org/places/639035","Pamphylium Mare","-0030/0300","36.5345001","30.66370135","water-open","VERIFIED","",""
"c3a3b8bc-7872-40f9-b92c-55e833b30ccf","dillereng.txt","Egyptian","char-offset:4427","PLACE","http://pleiades.stoa.org/places/727067","Aegyptium Mare","-0550/0300","31.15802","32.68554","water-open","VERIFIED","",""
"0c363b97-52e6-4e17-86c2-cb6556dc160a","dillereng.txt","Icarian","char-offset:4448","PLACE","http://pleiades.stoa.org/places/599650","Hybanda (island)","-0550/-0330","","","island,settlement-modern","UNVERIFIED","",""
"28de0300-8d29-45ad-923c-7b83cedd1630","dillereng.txt","Aegean","char-offset:4468","PLACE","http://pleiades.stoa.org/places/560221","Aegaeum Mare","-0550/2100","37.42245628773585","25.8829628235849","water-open","VERIFIED","",""
"3fc7b120-00a4-4a66-8b99-a82780b7d387","dillereng.txt","Europe","char-offset:4495","PLACE","http://pleiades.stoa.org/places/1001887","Europe","","42.5","27.5","province","UNVERIFIED","",""
"d230606b-d7c7-425b-9e60-e241de92a414","dillereng.txt","Europe from the outlet of the Tanais River to the Pillars of Hercules","char-offset:4495","EVENT","","","","","","","","relation|conceptual",""
"862b54d4-e064-408e-8a5d-3de4428e619d","dillereng.txt","Tanais","char-offset:4525","PLACE","http://pleiades.stoa.org/places/59844","Iaxartes/Silis/Tanais (river)","-0330/0640","45.7077742","63.5889496","river","VERIFIED","",""
"ae729e1b-24ed-49f2-96fa-73b1f4fed20a","dillereng.txt","Pillars","char-offset:4545","PLACE","http://pleiades.stoa.org/places/275614","Columnae Herculis","-0750/0300","35.9358335","-5.384583","cape","VERIFIED","",""
"79e015fb-899c-48c8-b6cf-6e418541e0bb","dillereng.txt","of Libya from Tingis to the Canobic mouth","char-offset:4582","EVENT","","","","","","","","relation|conceptual",""
"107f3c8b-23db-4691-871a-367c3c129e4d","dillereng.txt","Libya","char-offset:4585","PLACE","http://pleiades.stoa.org/places/716588","Libya","-0030/0640","31.5","26.5","region","UNVERIFIED","",""
"3f65e5e7-3381-4fe8-bcdc-3c3b1c9ae6f6","dillereng.txt","Tingis","char-offset:4596","PLACE","http://pleiades.stoa.org/places/275736","Tingi|Tingis/Tingi, Tanger","-0550/0640","35.787168","-5.810419","settlement,port","VERIFIED","",""
"f87a5fcc-f16c-47c5-85cb-390ed26458f0","dillereng.txt","Canobic mouth","char-offset:4610","PLACE","http://pleiades.stoa.org/places/727137","Kanobikon Stoma","-0550/0300","19.211408766666665","30.567329633333333","mouth","VERIFIED","",""
"c7864539-28d4-46c8-b5c8-95580289ab96","dillereng.txt","of Asia from Canobus to the Tanais River","char-offset:4641","EVENT","","","","","","","","relation|conceptual",""
"cc8a28c4-83a8-44b0-b808-0a4ba4b5977b","dillereng.txt","Asia","char-offset:4644","PLACE","http://pleiades.stoa.org/places/981509","Asia","","37.5","27.5","province","UNVERIFIED","",""
"d2d3ce97-e460-4422-a101-a52a99bdc38a","dillereng.txt","Canobus","char-offset:4654","PLACE","http://pleiades.stoa.org/places/727097","Canopus|Kanopos/Kanobos/Canopus, Abuqir","-0750/0640","31.320896","30.063645","settlement","VERIFIED","",""
"aca38b57-5ce6-48b8-b180-d1f4f69ac99f","dillereng.txt","Tanais","char-offset:4669","PLACE","http://pleiades.stoa.org/places/59844","Iaxartes/Silis/Tanais (river)","-0330/0640","45.7077742","63.5889496","river","VERIFIED","",""
"95831a12-8b00-44df-baa5-4ce008fddf6a","dillereng.txt","Maeotis","char-offset:4802","PLACE","http://pleiades.stoa.org/places/825318","Maeotis","-0750/0640","45.814417000000006","35.862586","water-open","VERIFIED","",""
"c102afb6-995d-4657-b095-f4ad9925b265","dillereng.txt","Cimmerian Bosporus","char-offset:4870","PLACE","http://pleiades.stoa.org/places/854675","Cimmerius Bosp(h)orus","-0550/0640","45.35","36.65","water-open","VERIFIED","",""
"df84c1f4-dc41-4e1b-b8a7-79faa65f91a9","dillereng.txt","Pontus","char-offset:4918","PLACE","http://pleiades.stoa.org/places/1224","Pontus Euxinus","-0750/2100","43.0786852","34.7425505","water-open","VERIFIED","",""
"b91735f4-073f-4f73-90ba-6a5a5f554bec","dillereng.txt","Thracian Bosporus","char-offset:4960","PLACE","http://pleiades.stoa.org/places/854719","Pantikapaion/Bosp(h)orus|Pantikapaion/Bosphorus/Bosporus, Kerch|Kerch","-0550/0640","45.350981","36.46855","settlement,port","VERIFIED","",""
"2d36ffd3-fd56-4d6b-8405-db78a84704ba","dillereng.txt","Persian Sea","char-offset:5058","PLACE","http://pleiades.stoa.org/places/29713","Persicus Sinus/Erythr(ae)um Mare","-0750/2100","27.0000001","50.9999999","water-open","VERIFIED","",""
"3062f71b-9a8b-41a0-abf6-8119281903aa","dillereng.txt","Carmania","char-offset:5126","PLACE","http://pleiades.stoa.org/places/29517","Carmania","-0550/0640","27.5","57.5","region","VERIFIED","",""
"ee9aaf74-bede-4cc7-9c19-b0a840ae251e","dillereng.txt","Arabia","char-offset:5139","PLACE","http://pleiades.stoa.org/places/29475","Arabia","-0720/0640","27.5","42.5","region","VERIFIED","",""
"ebb4351d-1974-4a4b-95d6-ce667e3eacec","dillereng.txt","Arabia","char-offset:5199","PLACE","http://pleiades.stoa.org/places/29475","Arabia","-0720/0640","27.5","42.5","region","UNVERIFIED","",""
"e4ee8886-1261-4759-b9a6-89218973424b","dillereng.txt","Carmania","char-offset:5210","PLACE","http://pleiades.stoa.org/places/29517","Carmania","-0550/0640","27.5","57.5","region","UNVERIFIED","",""
"b219bd41-1681-491a-b57d-83c673d7cd77","dillereng.txt","Caspian","char-offset:5257","PLACE","http://pleiades.stoa.org/places/884130","Caspium/Hyrcanium Mare","-0550/0640","42.6759567125","49.98680535","lake,water-open","VERIFIED","",""
"9d2b1cda-86a9-464d-89d1-da49957670f9","dillereng.txt","Arabian Gulf","char-offset:5387","PLACE","http://pleiades.stoa.org/places/29713","Persicus Sinus/Erythr(ae)um Mare","-0750/2100","27.0000001","50.9999999","water-open","VERIFIED","",""
"6287fd48-a2b7-4364-846f-4830c10bd1b1","dillereng.txt","Heroopolis","char-offset:5450","PLACE","http://pleiades.stoa.org/places/727124","Heroonpolis|Patoumos/Pithom, Tell el-Maskhuta","-0030/0640","30.55278","32.09944","settlement","VERIFIED","",""
"a7ad7924-ac08-49c3-8f3a-ca043b8f2463","dillereng.txt","Troglodytica","char-offset:5467","PLACE","http://pleiades.stoa.org/places/39435","Trogodytice","-0030/0300","17.5","37.5","region","VERIFIED","",""
"31790d9b-8a1d-4dc8-ae2a-dbc3d672b68e","dillereng.txt","Ptolemais at the Hunts","char-offset:5483","PLACE","http://pleiades.stoa.org/places/39409","Ptolemais Theron|Ptolemais Theron, Trinkatat","-0030/0300","18.222236","38.184316","settlement,port","VERIFIED","",""
"bf614bbb-f1fe-4c1e-9638-06692d1ea519","dillereng.txt","Deire","char-offset:5578","PLACE","http://pleiades.stoa.org/places/39335","Deire|Deire, Ras Siyan","-0030/0300","12.469263","43.322268","settlement,cape","VERIFIED","",""
"a6f65b7d-3cd8-47d0-87a8-c3c26c44ca33","dillereng.txt","Red Sea","char-offset:5608","PLACE","http://pleiades.stoa.org/places/39290","Arabicus Sinus/Erythr(ae)um/Rubrum Mare","-0030/2100","19.0","39.5","water-open","VERIFIED","",""
"cd1fc015-ca8e-49c2-9204-6e48f87caca9","dillereng.txt","Arabia","char-offset:5684","PLACE","http://pleiades.stoa.org/places/29475","Arabia","-0720/0640","27.5","42.5","region","VERIFIED","",""
"8d1dbf6a-9f38-464e-8cb6-c3b21af4adc3","dillereng.txt","gulf of Aelana","char-offset:5700","PLACE","http://pleiades.stoa.org/places/746701","Aelaniticus Sinus","-0030/0300","26.123397249999996","35.938032416666665","water-open","VERIFIED","",""
"29653246-b26c-4338-a10d-fdcf3b9b8739","dillereng.txt","Arabia","char-offset:5732","PLACE","http://pleiades.stoa.org/places/29475","Arabia","-0720/0640","27.5","42.5","region","VERIFIED","",""
"2b64da8a-632e-4a8f-a466-7b2995b9804d","dillereng.txt","Red Sea","char-offset:5761","PLACE","http://pleiades.stoa.org/places/39290","Arabicus Sinus/Erythr(ae)um/Rubrum Mare","-0030/2100","19.0","39.5","water-open","VERIFIED","",""
"8ee7e308-ece9-46f8-841b-87712a307bef","dillereng.txt","The length of the earth from the Ganges to Gades","char-offset:5810","EVENT","","","","","","","","relation|conceptual",""
"995b1994-36ac-4c63-89c6-ca5881077989","dillereng.txt","Ganges","char-offset:5843","PLACE","http://pleiades.stoa.org/places/59822","Ganges (river)","-0330/0640","25.621435","86.51155633333333","river","VERIFIED","",""
"90b8ce37-b2ed-4fda-afcb-1517c6a91973","dillereng.txt","Gades","char-offset:5853","PLACE","http://pleiades.stoa.org/places/256177","Gadeira/Gades/Col. Augusta Gaditana|Gades/Gadeira/Col. Augusta Gaditana, Cádiz","-0750/2100","36.528381","-6.294444","arch,theatre,townhouse,settlement","VERIFIED","",""
"f3f477c1-6cbf-481b-bea6-0d974db1ac2f","dillereng.txt","from the Ganges River to Myriandrus","char-offset:5882","EVENT","","","","","","","","relation|navigational",""
"f27bc638-0c5c-4374-9fa5-6845fc5dfb2d","dillereng.txt","Ganges","char-offset:5891","PLACE","http://pleiades.stoa.org/places/59822","Ganges (river)","-0330/0640","25.621435","86.51155633333333","river","VERIFIED","",""
"895dfd00-fcb3-455f-a1d9-0f09fdd8576a","dillereng.txt","Myriandrus","char-offset:5907","PLACE","http://pleiades.stoa.org/places/658541","Myriand(r)os|Myriandros/Myriandos, Ada Tepe","-0550/0640","36.4941667","36.02416670000002","settlement,port","VERIFIED","",""
"84568952-d437-4fcb-bdff-c6a97e6e8022","dillereng.txt","gulf of Issus","char-offset:5925","PLACE","http://pleiades.stoa.org/places/658489","Issicus Sinus","-0550/0640","36.579722","35.83","water-open","VERIFIED","",""
"26f756c2-161c-420a-81e3-515965edfbfd","dillereng.txt","from the Ganges to the outlet of the Indus River","char-offset:5959","EVENT","","","","","","","","relation|navigational",""
"2fb11c01-72fd-4a87-b1a5-44ac65fc5e22","dillereng.txt","Ganges","char-offset:5968","PLACE","http://pleiades.stoa.org/places/59822","Ganges (river)","-0330/0640","25.621435","86.51155633333333","river","VERIFIED","",""
"5aa0836b-5d25-44e6-8fff-9d7d4f002e1c","dillereng.txt","Indus","char-offset:5996","PLACE","http://pleiades.stoa.org/places/638870","Indus (river)","-0330/0300","36.75","28.75","river","VERIFIED","",""
"30364237-f39a-4ef0-b391-8fbb8524617e","dillereng.txt","from the Indus to the Caspian Gates","char-offset:6022","EVENT","","","","","","","","relation|navigational",""
"82a1fe12-08a1-44f4-95ae-a7af153bf0fc","dillereng.txt","Indus","char-offset:6031","PLACE","http://pleiades.stoa.org/places/638870","Indus (river)","-0330/0300","36.75","28.75","river","UNVERIFIED","",""
"7f7a97f7-28a4-4425-ae2f-5c56a2829320","dillereng.txt","Caspian Gates","char-offset:6044","PLACE","http://pleiades.stoa.org/places/863825","Kaspiai Pylai/Albaniai Pylai","-0330/0300","42.05778135","48.29670240000001","pass","VERIFIED","",""
"d34fc014-fde6-45f9-a10c-c785ccca550a","dillereng.txt","Euphrates","char-offset:6079","PLACE","http://pleiades.stoa.org/places/912849","Euphrates (river)","-18000/2000","34.74942377777777","40.93640094444444","river","VERIFIED","",""
"747782ae-11e4-4efd-879f-56417e207bde","dillereng.txt","Myriandrus","char-offset:6106","PLACE","http://pleiades.stoa.org/places/658541","Myriand(r)os|Myriandros/Myriandos, Ada Tepe","-0550/0640","36.4941667","36.02416670000002","settlement,port","VERIFIED","",""
"a8c9a5fc-8143-46e0-a761-5e1e867dc7d4","dillereng.txt","From Myriandrus to Gades","char-offset:6135","EVENT","","","","","","","","relation|navigational",""
"089ce82d-ba8b-4319-92bd-0a5b61861c43","dillereng.txt","Myriandrus","char-offset:6140","PLACE","http://pleiades.stoa.org/places/658541","Myriand(r)os|Myriandros/Myriandos, Ada Tepe","-0550/0640","36.4941667","36.02416670000002","settlement,port","VERIFIED","",""
"c3570037-b89d-47e9-8f4b-6aae7339c4c2","dillereng.txt","Gades","char-offset:6154","PLACE","http://pleiades.stoa.org/places/256177","Gadeira/Gades/Col. Augusta Gaditana|Gades/Gadeira/Col. Augusta Gaditana, Cádiz","-0750/2100","36.528381","-6.294444","arch,theatre,townhouse,settlement","VERIFIED","",""
"40707729-31ff-4417-a6f9-085caa0f6912","dillereng.txt","from Myriandrus to the Keys of Cyprus","char-offset:6180","EVENT","","","","","","","","relation|navigational",""
"f0a3b68b-6a0d-45c3-a13d-8557f64ff834","dillereng.txt","Myriandrus","char-offset:6185","PLACE","http://pleiades.stoa.org/places/658541","Myriand(r)os|Myriandros/Myriandos, Ada Tepe","-0550/0640","36.4941667","36.02416670000002","settlement,port","VERIFIED","",""
"9eff5748-9c14-4578-ba38-a3c17c85808e","dillereng.txt","Keys of Cyprus","char-offset:6203","PLACE","http://pleiades.stoa.org/places/707537","Kleides Pr.|Aphrodite Akraia, T.|Aphrodite Akraia, Cape Apostolos Andreas|Kleides Pr./Dinaretum Pr./Oura Boos Pr., Cape Apostolos Andreas|Olympos?|Olympos?, at Cape Apostolos Andreas","-0550/0300","35.692703","34.586367","sanctuary,settlement,cape","VERIFIED","",""
"7b54abcf-17df-420c-92ec-625b4462608a","dillereng.txt","Cape Acamas","char-offset:6234","PLACE","http://pleiades.stoa.org/places/707455","Akamas Pr.|Akamas Pr., Cape Arnaoutis","-0330/0300","35.103333","32.2875","cape","VERIFIED","",""
"bda631fd-f325-47b4-bd2b-629ce3402396","dillereng.txt","Chelidoniae","char-offset:6266","PLACE","http://pleiades.stoa.org/places/638799","Chelidoniae (islands)|Chelidoniae Inss., Beş Adalar","-0550/0640","36.19053","30.40531","archipelago","VERIFIED","",""
"1cd662f1-dd98-444e-bb44-340b83fd1e8a","dillereng.txt","Pamphylian","char-offset:6290","PLACE","http://pleiades.stoa.org/places/639035","Pamphylium Mare","-0030/0300","36.5345001","30.66370135","water-open","VERIFIED","",""
"f6303dd5-a2e9-4c25-953f-15ee9ea92ac2","dillereng.txt","Patara","char-offset:6321","PLACE","http://pleiades.stoa.org/places/857264","Patara|Patara, Madenhanları","0300/0640","40.543937","39.648355","station","VERIFIED","",""
"a4d9521d-00dc-4445-b97f-0de6d6fbdb83","dillereng.txt","Rhodes","char-offset:6343","PLACE","http://pleiades.stoa.org/places/590031","Kamiros|Apollo Erethimios, T.|Ialysos|Ialysus/Ialysos, Trianda, Ialysos|Lindos|Lindos/Lindus, Lindos|Apollo Erethimios, Apollo Erethimios|Rhodos (island)|Rhodos Ins., Rhodos|Rhodos|Rhodos, Rhodos|Kamiros/Camirus, Kamiros, Kalavarda","-1200/2100","36.41451","28.15629","island,settlement,temple-2,stadion","VERIFIED","",""
"3253b6c2-e00b-45a2-b933-898e8091cb9b","dillereng.txt","Astypalaea","char-offset:6365","PLACE","http://pleiades.stoa.org/places/599536","Astypalaia Ins.|Astypalaia|Astypalaia, Astypalaia|Astypalaia Ins., Astypalaia","-0750/0640","36.54413","26.35528","island,settlement","VERIFIED","",""
"7f59e3c7-af7c-4169-a3da-656dc6e074fb","dillereng.txt","Carpathian","char-offset:6388","PLACE","http://pleiades.stoa.org/places/599691","Karpathion Mare","","36.688179500000004","27.372838499999997","water-open","VERIFIED","",""
"74e73fae-e3d7-4461-8ef2-b1f1c60d1830","dillereng.txt","Taenarum","char-offset:6415","PLACE","http://pleiades.stoa.org/places/570702","Tainaron (settlement)|Tainaron/Tainaros/Taenarum/Taenaros, Tainaron","-0750/0300","36.401551","22.4866293","settlement","VERIFIED","",""
"a75fccc1-563a-44d1-8d67-ae8d0daf68a7","dillereng.txt","Pachynum","char-offset:6440","PLACE","http://pleiades.stoa.org/places/462405","Pachynum Pr.|Pachynum Pr., Capo Passero","-0550/2100","36.68882","15.15171","cape","VERIFIED","",""
"fad705b2-797b-4102-b597-2a9157ad3e4e","dillereng.txt","Sicily","char-offset:6452","PLACE","http://pleiades.stoa.org/places/462492","Sicilia (island)","-0750/2100","37.53667611952188","14.08648464579389","island","VERIFIED","",""
"6439b747-c9d2-4aaa-9bc0-4215765dfe52","dillereng.txt","Lilybaeum","char-offset:6475","PLACE","http://pleiades.stoa.org/places/462281","Lilybaeum|Lilybaeum, Capo Boeo, Marsala","-0750/2100","37.7990835","12.434233","settlement","VERIFIED","",""
"803ff4a9-1bb0-44f5-983f-8f0c52cd55e5","dillereng.txt","Libyan","char-offset:6497","PLACE","http://pleiades.stoa.org/places/716590","Libycum Mare","","31.5","25.5","water-open","VERIFIED","",""
"a4e74938-429b-48be-b3f0-42b0c9d4c5ff","dillereng.txt","Caralis","char-offset:6524","PLACE","http://pleiades.stoa.org/places/471899","Caralis|Carales/Caralis, Cagliari|Cagliari","-0750/0640","39.218721","9.116991","amphitheatre,bath,villa,settlement","VERIFIED","",""
"0e144e23-2920-4c09-8918-2bfa0b55c355","dillereng.txt","Sardinia","char-offset:6535","PLACE","http://pleiades.stoa.org/places/991344","Sardinia","","37.5","7.5","province","VERIFIED","",""
"d7ee67ef-9204-4c58-a389-12c3b8e4a2fa","dillereng.txt","Tuscan","char-offset:6556","PLACE","http://pleiades.stoa.org/places/1356","Tyrrhenum/Inferum Mare","-0330/0640","41.66419815387763","12.054731855280693","water-open","VERIFIED","",""
"3ae4e6fb-659b-4eaf-9a7e-6561b564fffe","dillereng.txt","to Gades past the Gymnesiae","char-offset:6580","EVENT","","","","","","","","relation|navigational",""
"605ba3c7-151c-4c6b-87f1-1a1ccff52114","dillereng.txt","Gades","char-offset:6583","PLACE","http://pleiades.stoa.org/places/256177","Gadeira/Gades/Col. Augusta Gaditana|Gades/Gadeira/Col. Augusta Gaditana, Cádiz","-0750/2100","36.528381","-6.294444","arch,theatre,townhouse,settlement","VERIFIED","",""
"3cef4062-7467-4dfe-ba9f-a88dcb9cf90d","dillereng.txt","Gymnesiae","char-offset:6598","PLACE","http://pleiades.stoa.org/places/265817","Baliares/Gymnesiae Inss. (Maior et Minor)|Baliares Inss./Gymnesiae Inss., Islas Baleares","-0550/0640","39.5","3.0","archipelago","VERIFIED","",""
"7775af7c-d836-414a-972d-76bf3c3bce66","dillereng.txt","from Gades past the Sacred Cape and harbor of the Artabrians","char-offset:6630","EVENT","","","","","","","","relation|navigational",""
"19b15171-8a66-4e51-a49e-11c4f145fe86","dillereng.txt","Gades","char-offset:6635","PLACE","http://pleiades.stoa.org/places/256177","Gadeira/Gades/Col. Augusta Gaditana|Gades/Gadeira/Col. Augusta Gaditana, Cádiz","-0750/2100","36.528381","-6.294444","arch,theatre,townhouse,settlement","VERIFIED","",""
"ce2ec04d-e255-4c63-a4fe-c113c6fa1f1d","dillereng.txt","Sacred Cape","char-offset:6650","PLACE","http://pleiades.stoa.org/places/256410","Sacrum Pr.|Sacrum Pr., Cabo de São Vicente","-0550/0640","37.02295","-8.9964","cape","VERIFIED","",""
"3bea0586-9626-4501-bf64-8ce04965357e","dillereng.txt","harbor of the Artabrians","char-offset:6666","PLACE","http://pleiades.stoa.org/places/236344","Artabris Sinus/Megas Limen","-0330/0300","43.5","-8.5","water-open","VERIFIED","",""
"5ff4180f-b56d-449b-9f16-264b0fe21902","dillereng.txt","from the Ganges to the Euphrates River","char-offset:6740","EVENT","","","","","","","","relation|navigational",""
"e64c66c4-ccf7-4438-b13c-414f4abbd502","dillereng.txt","Ganges","char-offset:6749","PLACE","http://pleiades.stoa.org/places/59822","Ganges (river)","-0330/0640","25.621435","86.51155633333333","river","VERIFIED","",""
"e3e40493-a7f3-4b6b-81b5-a7add66749d0","dillereng.txt","Euphrates","char-offset:6763","PLACE","http://pleiades.stoa.org/places/912849","Euphrates (river)","-18000/2000","34.74942377777777","40.93640094444444","river","VERIFIED","",""
"1c2756d8-9944-4b22-8977-8317d0e0e090","dillereng.txt","from the Euphrates to Mazaca in Cappadocia","char-offset:6786","EVENT","","","","","","","","relation|navigational",""
"6bacbad8-cc8f-4a08-af37-5223872c373b","dillereng.txt","Euphrates","char-offset:6795","PLACE","http://pleiades.stoa.org/places/912849","Euphrates (river)","-18000/2000","34.74942377777777","40.93640094444444","river","VERIFIED","",""
"a2ba29da-cb48-451d-b282-5547190b2358","dillereng.txt","Mazaca","char-offset:6808","PLACE","http://pleiades.stoa.org/places/629035","Mazaka/Eusebeia/Caesarea|Caesarea/Mazaka/Eusebeia, Kayseri","-1200/2000","38.733252","35.483548","settlement","VERIFIED","",""
"a8d46a26-0361-4793-8572-de294d4e10a2","dillereng.txt","Cappadocia","char-offset:6818","PLACE","http://pleiades.stoa.org/places/991402","Cappadocia","","37.5","37.5","province","VERIFIED","",""
"5a9fdddc-566d-4deb-8e5c-b1f3ee2ac6d0","dillereng.txt","Mazaca","char-offset:6847","PLACE","http://pleiades.stoa.org/places/629035","Mazaka/Eusebeia/Caesarea|Caesarea/Mazaka/Eusebeia, Kayseri","-1200/2000","38.733252","35.483548","settlement","VERIFIED","",""
"9e9ca3da-42f2-4036-b449-9a05505c4343","dillereng.txt","great Phrygia","char-offset:6875","PLACE","http://pleiades.stoa.org/places/982260","Phrygia Paroreius","","37.5","32.5","province","VERIFIED","",""
"8c3f6959-52c2-4dbb-8134-03a8e8325d54","dillereng.txt","Caria","char-offset:6893","PLACE","http://pleiades.stoa.org/places/991381","Caria","","37.213163833551015","28.088996902733474","province","VERIFIED","",""
"6a2d2712-f09d-441d-94db-128c4f9d2855","dillereng.txt","Ephesus","char-offset:6902","PLACE","http://pleiades.stoa.org/places/599612","Ephesus/Arsinoe(ia)|Ephesos/Ephesus/Arsinoeia/Arsinoe, Efes, Selçuk","-1200/2000","37.941944","27.339722","theatre,settlement,temple-2,architecturalcomplex","VERIFIED","",""
"c71e1fcd-17d7-4e4d-bd1e-ed27218df85b","dillereng.txt","altogether from the Ganges to Ephesus","char-offset:6923","EVENT","","","","","","","","relation|navigational",""
"7fcde5eb-a410-4d67-9019-bc5a8416b75e","dillereng.txt","Ganges","char-offset:6943","PLACE","http://pleiades.stoa.org/places/59822","Ganges (river)","-0330/0640","25.621435","86.51155633333333","river","VERIFIED","",""
"3a9fae1b-ab68-4826-9bd4-6fe3365d1c7b","dillereng.txt","Ephesus","char-offset:6953","PLACE","http://pleiades.stoa.org/places/599612","Ephesus/Arsinoe(ia)|Ephesos/Ephesus/Arsinoeia/Arsinoe, Efes, Selçuk","-1200/2000","37.941944","27.339722","theatre,settlement,temple-2,architecturalcomplex","VERIFIED","",""
"413ce026-fb5d-487c-9186-311da0981104","dillereng.txt","Ephesus","char-offset:6980","PLACE","http://pleiades.stoa.org/places/599612","Ephesus/Arsinoe(ia)|Ephesos/Ephesus/Arsinoeia/Arsinoe, Efes, Selçuk","-1200/2000","37.941944","27.339722","theatre,settlement,temple-2,architecturalcomplex","VERIFIED","",""
"59d7755f-263b-4f59-91d7-3253f616ce34","dillereng.txt","Delos","char-offset:6991","PLACE","http://pleiades.stoa.org/places/599587","Sanctuary of Apollo on Delos|Delos (settlement)|Delos, Delos|Apollo, Apollo, Delos|Delos (island)|Delos Ins., Delos","-0750/0640","37.397274","25.268194","architecturalcomplex,sanctuary,monument,island,settlement,plaza","VERIFIED","",""
"f4c98da8-0324-4599-8886-54b9684c6b22","dillereng.txt","Aegean","char-offset:7009","PLACE","http://pleiades.stoa.org/places/560221","Aegaeum Mare","-0550/2100","37.42245628773585","25.8829628235849","water-open","VERIFIED","",""
"4c10fc69-3481-4f91-b0c1-9b394ded73bc","dillereng.txt","Isthmus","char-offset:7036","PLACE","http://pleiades.stoa.org/places/570317","Isthmos","","37.9510881","22.9602226","isthmus","VERIFIED","",""
"2c7b2300-28e3-4cf5-b267-bf1f593159a9","dillereng.txt","Gulf of Corinth","char-offset:7086","PLACE","http://pleiades.stoa.org/places/570181","Corinthiacus Sinus","","38.175407050000004","22.395744800000003","water-open","VERIFIED","",""
"f43e363a-7a2e-4d14-b023-55a1f7d1eb15","dillereng.txt","Patrae","char-offset:7105","PLACE","http://pleiades.stoa.org/places/570567","Patra(e)|Patrae/Patrai, Patras","-0750/0300","38.243265","21.738518","settlement","VERIFIED","",""
"32aca574-6e2c-4894-b1cb-fa73103f0c27","dillereng.txt","Leucas","char-offset:7127","PLACE","http://pleiades.stoa.org/places/530974","Leucas|Leucas (island)|Leucas Ins., Lefkada|Leucas, Leukada|Apollo Leukatas, T.|Apollo Leukatas, Cape Lefkatas","-0750/0640","38.70819","20.64944","island,sanctuary,settlement","VERIFIED","",""
"c2bd4588-a9ed-4800-a2f4-3142eea0e1ab","dillereng.txt","Corcyra","char-offset:7149","PLACE","http://pleiades.stoa.org/places/530834","Corcyra|Korkyra/Kerkyra/Corcyra, Kerkyra/Corfu","-0750/2100","39.60733","19.92178","settlement","VERIFIED","",""
"505273a3-207a-43ff-923a-38bd4b5b27f2","dillereng.txt","Acroceraunian","char-offset:7176","PLACE","http://pleiades.stoa.org/places/481693","Acroceraunia Pr.|Acroceraunia Pr., Kepi i Gjuhëzës","","40.421","19.292","cape","VERIFIED","",""
"8aa924d0-8cde-48f0-9f9f-ea4f566e37fa","dillereng.txt","Brundisium","char-offset:7215","PLACE","http://pleiades.stoa.org/places/442509","Brundisium/Brentesion|Brundisium/Brentesion/Brendesion, Brindisi|Brindisi","-0750/0640","40.641136","17.946867","settlement,port","VERIFIED","",""
"1e58a7b4-e24c-4c7a-8671-1ba1d7bec702","dillereng.txt","Brundisium","char-offset:7243","PLACE","http://pleiades.stoa.org/places/442509","Brundisium/Brentesion|Brundisium/Brentesion/Brendesion, Brindisi|Brindisi","-0750/0640","40.641136","17.946867","settlement,port","VERIFIED","",""
"fa6aab69-5e4d-4cb7-9b26-2b244e382658","dillereng.txt","Rome","char-offset:7265","PLACE","http://pleiades.stoa.org/places/423025","Roma|Roma, Roma|Rome","-0750/2100","41.89262","12.4843457","settlement,urban","VERIFIED","",""
"1434857a-55d3-4a4d-b331-68e3e5632be8","dillereng.txt","Rome","char-offset:7288","PLACE","http://pleiades.stoa.org/places/423025","Roma|Roma, Roma|Rome","-0750/2100","41.89262","12.4843457","settlement,urban","VERIFIED","",""
"e8f31cf9-b200-44ef-aaca-8b3b8c073641","dillereng.txt","Alps","char-offset:7300","PLACE","http://pleiades.stoa.org/places/982258","Alpes Cottiae","0300/0640","45.045658","6.920978","province","VERIFIED","",""
"73e29b65-6703-46de-a283-f76645f2aeca","dillereng.txt","Scingomagus","char-offset:7320","PLACE","http://pleiades.stoa.org/places/167914","Scingomagus|Scingomagus, Exilles|Exilles","-0330/0300","45.09775","6.92952","station","VERIFIED","",""
"d252ed08-0a5c-4327-b411-25cee3f4da19","dillereng.txt","Alps","char-offset:7344","PLACE","http://pleiades.stoa.org/places/982258","Alpes Cottiae","0300/0640","45.045658","6.920978","province","VERIFIED","",""
"107eeb35-451d-4c0f-bcb5-2eb3fd6318b3","dillereng.txt","Celtica","char-offset:7375","PLACE","http://pleiades.stoa.org/places/993","Gallia","","44.730982100000006","3.5988981583333333","region","VERIFIED","",""
"38ec99a5-c38c-4ff8-ad99-cee3eea15ec1","dillereng.txt","Illygyris","char-offset:7395","PLACE","http://pleiades.stoa.org/places/246433","Iliberri|Iliberri/Elvira/Municipium Florentinum, Granada|Ill(ib)erris/Helena|Illiberris/Illerris/Helena, Elne|Elne","-0550/2100","37.1764874","-3.5979291","settlement","VERIFIED","",""
"5b7ec9a8-237f-4dbe-b5eb-bf4c000a75e7","dillereng.txt","Pyrene","char-offset:7413","PLACE","http://pleiades.stoa.org/places/246582","Pyrenaei (mountains)|Pyrenaei Mons, Pyrenees Mts.","-0330/2100","42.67","1.0","mountain","VERIFIED","",""
"206f7abb-5cf7-4f47-b7d0-a42e676cd9c4","dillereng.txt","Iberia","char-offset:7446","PLACE","http://pleiades.stoa.org/places/863807","Iberia","-0330/0640","41.836467999999996","44.6891385","region","VERIFIED","",""
"e590443b-f8a3-4f73-86d6-543bd71c219c","dillereng.txt","Gades","char-offset:7456","PLACE","http://pleiades.stoa.org/places/256177","Gadeira/Gades/Col. Augusta Gaditana|Gades/Gadeira/Col. Augusta Gaditana, Cádiz","-0750/2100","36.528381","-6.294444","arch,theatre,townhouse,settlement","VERIFIED","",""
"efd6dd26-f156-4548-b7f6-6999e0e4305a","dillereng.txt","the passage to Gades by way of the inns","char-offset:7479","EVENT","","","","","","","","relation|navigational",""
"3f6ef69e-8776-4393-a098-cc91d8f99aca","dillereng.txt","Gades","char-offset:7494","PLACE","http://pleiades.stoa.org/places/256177","Gadeira/Gades/Col. Augusta Gaditana|Gades/Gadeira/Col. Augusta Gaditana, Cádiz","-0750/2100","36.528381","-6.294444","arch,theatre,townhouse,settlement","VERIFIED","",""
"93d900b9-79e0-4de1-9970-dba5d90b242b","dillereng.txt","Altogether from the Ganges to Gades","char-offset:7530","EVENT","","","","","","","","relation|conceptual",""
"a350852b-cc7d-4f5a-888a-862de7f156ea","dillereng.txt","Ganges","char-offset:7550","PLACE","http://pleiades.stoa.org/places/59822","Ganges (river)","-0330/0640","25.621435","86.51155633333333","river","VERIFIED","",""
"e12b099b-ef22-4ee2-a02a-6d16e7ea81c1","dillereng.txt","Gades","char-offset:7560","PLACE","http://pleiades.stoa.org/places/256177","Gadeira/Gades/Col. Augusta Gaditana|Gades/Gadeira/Col. Augusta Gaditana, Cádiz","-0750/2100","36.528381","-6.294444","arch,theatre,townhouse,settlement","VERIFIED","",""
"b55e0916-2627-4735-b162-92fe7b91ddac","dillereng.txt","Aethiopian sea","char-offset:7620","PLACE","","","","","","","NOT_IDENTIFIABLE","",""
"fd954413-ecee-408d-8898-5b4acf3b4e84","dillereng.txt","Meroe","char-offset:7638","PLACE","http://pleiades.stoa.org/places/805630","Meroe|Meroe, Begrawiya","-0550/2100","16.94","33.75","settlement","VERIFIED","",""
"768308ab-6fa2-4c2e-a66e-394c04a0c0c5","dillereng.txt","Meroe","char-offset:7662","PLACE","http://pleiades.stoa.org/places/805630","Meroe|Meroe, Begrawiya","-0550/2100","16.94","33.75","settlement","VERIFIED","",""
"c6a64e47-7dde-4b0e-a794-1d381a9ab9f3","dillereng.txt","Alexandria","char-offset:7671","PLACE","http://pleiades.stoa.org/places/727070","Alexandria|Alexandria, Alexandria","-2010/2000","31.195371","29.904133","cemetery,temple-2,architecturalcomplex,theatre,port,settlement","VERIFIED","",""
"1cfd7f88-6923-4b4b-ba6d-35ebf590afd4","dillereng.txt","Alexandria","char-offset:7701","PLACE","http://pleiades.stoa.org/places/727070","Alexandria|Alexandria, Alexandria","-2010/2000","31.195371","29.904133","cemetery,temple-2,architecturalcomplex,theatre,port,settlement","VERIFIED","",""
"f28503f7-6bd5-4654-ab1c-e1f919eb5c5a","dillereng.txt","Tanais","char-offset:7719","PLACE","http://pleiades.stoa.org/places/59844","Iaxartes/Silis/Tanais (river)","-0330/0640","45.7077742","63.5889496","river","VERIFIED","",""
"91871684-a762-4514-abc6-b6852a6f48b4","dillereng.txt","Tanais","char-offset:7758","PLACE","http://pleiades.stoa.org/places/59844","Iaxartes/Silis/Tanais (river)","-0330/0640","45.7077742","63.5889496","river","VERIFIED","",""
"23bd9b97-50c8-47ee-a934-8e74f4923215","dillereng.txt","Alexandria","char-offset:7801","PLACE","http://pleiades.stoa.org/places/727070","Alexandria|Alexandria, Alexandria","-2010/2000","31.195371","29.904133","cemetery,temple-2,architecturalcomplex,theatre,port,settlement","VERIFIED","",""
"f0facd06-4788-4145-8274-4455f6e25216","dillereng.txt","Lindus","char-offset:7815","PLACE","http://pleiades.stoa.org/places/589913","Kamiros|Apollo Erethimios, T.|Ialysos|Ialysus/Ialysos, Trianda, Ialysos|Lindos|Lindos/Lindus, Lindos|Apollo Erethimios, Apollo Erethimios|Rhodos (island)|Rhodos Ins., Rhodos|Rhodos|Rhodos, Rhodos|Kamiros/Camirus, Kamiros, Kalavarda","-1200/2100","36.41451","28.15629","island,settlement,temple-2,stadion","VERIFIED","",""
"55c6ced3-bcb6-4406-ad41-ab7e54461e1d","dillereng.txt","Rhodes","char-offset:7825","PLACE","http://pleiades.stoa.org/places/590031","Kamiros|Apollo Erethimios, T.|Ialysos|Ialysus/Ialysos, Trianda, Ialysos|Lindos|Lindos/Lindus, Lindos|Apollo Erethimios, Apollo Erethimios|Rhodos (island)|Rhodos Ins., Rhodos|Rhodos|Rhodos, Rhodos|Kamiros/Camirus, Kamiros, Kalavarda","-1200/2100","36.41451","28.15629","island,settlement,temple-2,stadion","VERIFIED","",""
"60016621-d265-4125-a9b2-ae5125ed3552","dillereng.txt","Thoantion","char-offset:7848","PLACE","http://pleiades.stoa.org/places/590079","Thoantion Pr.","","34.75","26.25","cape","VERIFIED","",""
"d4beddb8-c3f6-4ce4-aade-2b73e67dc7ab","dillereng.txt","Rhodes","char-offset:7866","PLACE","http://pleiades.stoa.org/places/590031","Kamiros|Apollo Erethimios, T.|Ialysos|Ialysus/Ialysos, Trianda, Ialysos|Lindos|Lindos/Lindus, Lindos|Apollo Erethimios, Apollo Erethimios|Rhodos (island)|Rhodos Ins., Rhodos|Rhodos|Rhodos, Rhodos|Kamiros/Camirus, Kamiros, Kalavarda","-1200/2100","36.41451","28.15629","island,settlement,temple-2,stadion","VERIFIED","",""
"ea6a91e5-2c00-4cc2-bfba-f1833ebf91bd","dillereng.txt","Telos","char-offset:7901","PLACE","http://pleiades.stoa.org/places/599960","Telos|Telos, on Telos","-0550/-0030","36.459432","27.340443","settlement","VERIFIED","",""
"ceff8a11-6c89-4a0d-b864-6c9ca57be061","dillereng.txt","Lacter","char-offset:7922","PLACE","http://pleiades.stoa.org/places/599748","Lak(e)ter Pr.|Laketer Pr./Lakter Pr., on Kos","","36.7578","27.1123","cape","VERIFIED","",""
"0d531aa6-3c22-4617-930a-28fb78e0de72","dillereng.txt","Cos","char-offset:7932","PLACE","http://pleiades.stoa.org/places/599581","Kos/Cos (island)|Kos/Cos, Kos","","36.844","27.17","island","VERIFIED","",""
"28ff8f5a-a990-4cd9-a192-e8c875fb3db5","dillereng.txt","Drepanon","char-offset:7951","PLACE","http://pleiades.stoa.org/places/599600","Drekanon promontory|Drekanon Pr., on Kos","-0030/0300","36.76235","26.92302","cape","VERIFIED","",""
"ce9dc1d2-4fd3-43b9-b30e-6cd360004c88","dillereng.txt","Cos","char-offset:7963","PLACE","http://pleiades.stoa.org/places/599581","Kos/Cos (island)|Kos/Cos, Kos","","36.844","27.17","island","VERIFIED","",""
"c949a329-5a17-4caa-95f9-cd6c04ea8613","dillereng.txt","Arcitis","char-offset:7993","PLACE","http://pleiades.stoa.org/places/599477","Akrite (island)|Akrite Ins., Arkoi","","37.4125411","26.7185965","island","VERIFIED","",""
"b93c332c-60e6-446b-9f37-c606b2aca7a1","dillereng.txt","Corsiae","char-offset:8016","PLACE","http://pleiades.stoa.org/places/599726","Korsiai (islands)|Korsiai Inss., Phournoi","","37.566667","26.5","island,archipelago","VERIFIED","",""
"a520c8fb-34ec-4a95-ba30-379e19e185ba","dillereng.txt","Ampelus","char-offset:8032","PLACE","http://pleiades.stoa.org/places/599486","Ampelos M.|Ampelos Mons, Karbounis, Samos","","37.76343","26.81065","mountain","VERIFIED","",""
"3219316d-34c2-459b-9aa5-c2482884d3c6","dillereng.txt","Samos","char-offset:8043","PLACE","http://pleiades.stoa.org/places/599926","Samos|Samos (island)|Samos Ins./Samus Ins., Samos|Samos, Samos|Heraion|Heraion, Heraion","-0750/0640","37.73","26.84","island,sanctuary,settlement,temple-2","VERIFIED","",""
"e07dd4fa-38b3-4c01-91c0-65a58a4c5c35","dillereng.txt","Argennon","char-offset:8063","PLACE","http://pleiades.stoa.org/places/550448","Argennon Pr.|Argennon Pr., Ak Burun","-0550/0300","38.265","26.235","cape","VERIFIED","",""
"42ea7759-3b73-4a3d-9fc2-0ef4f8f7b75a","dillereng.txt","Aegean","char-offset:8084","PLACE","http://pleiades.stoa.org/places/560221","Aegaeum Mare","-0550/2100","37.42245628773585","25.8829628235849","water-open","VERIFIED","",""
"8a88230e-cc6e-410e-b454-e60bfcfd3005","dillereng.txt","Erythraean Corynaion","char-offset:8106","PLACE","http://pleiades.stoa.org/places/550505","Corynaeum? Pr.|Corynaeum? Pr., Çolak Burnu","-0030/0300","38.44509","26.39658","cape","VERIFIED","",""
"7f0841a1-28ba-45f6-b3b2-937ad39aed09","dillereng.txt","Phlion","char-offset:8148","PLACE","http://pleiades.stoa.org/places/550820","Phanai Pr.|Phanai Pr., Mastikho","","38.14667","26.0125","cape","VERIFIED","",""
"4e9e1ac4-f21b-4873-9160-167e280ce3b7","dillereng.txt","Chios","char-offset:8158","PLACE","http://pleiades.stoa.org/places/550497","Chios (island)|Chios Ins., Chios","-0030/0300","38.414","26.053","island","VERIFIED","",""
"b0eddcb2-6bb9-43a6-a9cb-39494a3ee36c","dillereng.txt","Cape Melaneus","char-offset:8178","PLACE","http://pleiades.stoa.org/places/550715","Malia Pr.|Malia Pr., Agrelias, Lesbos","","39.00925","26.60745","cape","VERIFIED","",""
"33913211-6d69-4ffd-b43d-680c58f2a72d","dillereng.txt","Lesbos","char-offset:8195","PLACE","http://pleiades.stoa.org/places/550696","Lesbos (island)|Lesbos Ins./Lesbus Ins., Lesbos","1700/2100","39.20874","26.10052","island","VERIFIED","",""
"7c1d7a48-0ad4-491d-bc1e-c96f648d00d6","dillereng.txt","Sigrion","char-offset:8217","PLACE","http://pleiades.stoa.org/places/550879","Sigrion Pr.|Sigrion Pr., Sigri","","39.18879","25.8317","cape","VERIFIED","",""
"5a24e050-3019-43fb-80ce-be9186130540","dillereng.txt","Lesbos","char-offset:8228","PLACE","http://pleiades.stoa.org/places/550696","Lesbos (island)|Lesbos Ins./Lesbus Ins., Lesbos","1700/2100","39.20874","26.10052","island","VERIFIED","",""
"11595651-c8fc-45df-8411-d7dd76e3b725","dillereng.txt","Tenedos","char-offset:8261","PLACE","http://pleiades.stoa.org/places/550911","Tenedos|Tenedos, Bozcaada","-0750/0300","39.8278355","26.0497905","settlement","VERIFIED","",""
"0c8b3449-5091-4137-b7f0-6abfcc23d7a9","dillereng.txt","Sigeum","char-offset:8284","PLACE","http://dare.ht.lu.se/places/22058","Sigeion|Sigeion/Sigeum, Yenişehir","-0750/-0330","39.98975","26.18372","settlement","VERIFIED","",""
"a6627421-86c5-4179-b268-49af7671c12a","dillereng.txt","Pontus","char-offset:8319","PLACE","http://pleiades.stoa.org/places/1224","Pontus Euxinus","-0750/2100","43.0786852","34.7425505","water-open","VERIFIED","",""
"ee2986f2-2c96-4b1a-b89f-1f3a05dfe665","dillereng.txt","Carambis","char-offset:8342","PLACE","http://pleiades.stoa.org/places/844970","Karambis|Karambis, Fakas?","-0330/0300","42.013625","33.369673","settlement","VERIFIED","",""
"448bf730-7d0b-4da6-8ef7-b44b31e894d2","dillereng.txt","Maeotis","char-offset:8380","PLACE","http://pleiades.stoa.org/places/825318","Maeotis","-0750/0640","45.814417000000006","35.862586","water-open","VERIFIED","",""
"50e6bf1b-76cc-4c14-9615-9e25326cc14d","dillereng.txt","to the Tanais 2200 stades","char-offset:8401","EVENT","","","","","","","","relation|navigational",""
"969c9c54-9b54-4855-897c-2e2537da7339","dillereng.txt","Tanais","char-offset:8408","PLACE","http://pleiades.stoa.org/places/59844","Iaxartes/Silis/Tanais (river)","-0330/0640","45.7077742","63.5889496","river","VERIFIED","",""
"d48bfca0-d453-43bf-ae4c-2beb41399bd0","dillereng.txt","Alexandria","char-offset:8471","PLACE","http://pleiades.stoa.org/places/727070","Alexandria|Alexandria, Alexandria","-2010/2000","31.195371","29.904133","cemetery,temple-2,architecturalcomplex,theatre,port,settlement","VERIFIED","",""
"93670b4b-a0c5-4a58-8955-ae4f6858561b","dillereng.txt","Rhodes","char-offset:8485","PLACE","http://pleiades.stoa.org/places/590031","Kamiros|Apollo Erethimios, T.|Ialysos|Ialysus/Ialysos, Trianda, Ialysos|Lindos|Lindos/Lindus, Lindos|Apollo Erethimios, Apollo Erethimios|Rhodos (island)|Rhodos Ins., Rhodos|Rhodos|Rhodos, Rhodos|Kamiros/Camirus, Kamiros, Kalavarda","-1200/2100","36.41451","28.15629","island,settlement,temple-2,stadion","VERIFIED","",""
"8f8c6970-90d9-4edd-a860-5ef82b4a62ee","dillereng.txt","Cnidus","char-offset:8508","PLACE","http://pleiades.stoa.org/places/599576","Cnidus|Cnidus|Knidos/Cnidus, Tekir|Cnidus, Burgaz örenyeri","-0750/0640","36.686188","27.37404","settlement","VERIFIED","",""
"8d63f19a-4686-46b7-9c50-b75e85079d58","dillereng.txt","Cos","char-offset:8530","PLACE","http://pleiades.stoa.org/places/599581","Kos/Cos (island)|Kos/Cos, Kos","","36.844","27.17","island","VERIFIED","",""
"687ab4d1-dfff-4eb0-8863-847b3413a9fa","dillereng.txt","Samos","char-offset:8549","PLACE","http://pleiades.stoa.org/places/599926","Samos|Samos (island)|Samos Ins./Samus Ins., Samos|Samos, Samos|Heraion|Heraion, Heraion","-0750/0640","37.73","26.84","island,sanctuary,settlement,temple-2","VERIFIED","",""
"59a5d28c-384d-4f78-9f62-3ae9f5a2d0c0","dillereng.txt","Chios","char-offset:8570","PLACE","http://pleiades.stoa.org/places/550497","Chios (island)|Chios Ins., Chios","-0030/0300","38.414","26.053","island","VERIFIED","",""
"a476e21d-51d1-4477-82df-18a233f746eb","dillereng.txt","Mitylene","char-offset:8591","PLACE","http://pleiades.stoa.org/places/550763","Methymna|Antissa|Hiera|Hiera, Perama|Antissa, Antissa|Mytilene|Mytilene, Mitiline|Methymna, Mithimna|Eresos|Eresos, Skala Eresou","-0750/0640","39.05495","26.489422","settlement,aqueduct","VERIFIED","",""
"5d193c97-3616-4185-84eb-d6e5697481dc","dillereng.txt","Tenedos","char-offset:8615","PLACE","http://pleiades.stoa.org/places/550911","Tenedos|Tenedos, Bozcaada","-0750/0300","39.8278355","26.0497905","settlement","VERIFIED","",""
"73a2ef9d-7809-4d71-bd9c-6243bd1944b6","dillereng.txt","Sigeum","char-offset:8631","PLACE","http://dare.ht.lu.se/places/22058","Sigeion|Sigeion/Sigeum, Yenişehir","-0750/-0330","39.98975","26.18372","settlement","VERIFIED","",""
"144a1048-4d04-4e36-b02e-8f4e3a9fe857","dillereng.txt","Pontus","char-offset:8659","PLACE","http://pleiades.stoa.org/places/1224","Pontus Euxinus","-0750/2100","43.0786852","34.7425505","water-open","VERIFIED","",""
"862ada33-9979-4d06-b930-c71e281bb75a","dillereng.txt","Carambis","char-offset:8675","PLACE","http://pleiades.stoa.org/places/844970","Karambis|Karambis, Fakas?","-0330/0300","42.013625","33.369673","settlement","VERIFIED","",""
"c3026c63-c3a5-4971-b239-f1d3c3710398","dillereng.txt","Maeotis","char-offset:8706","PLACE","http://pleiades.stoa.org/places/825318","Maeotis","-0750/0640","45.814417000000006","35.862586","water-open","VERIFIED","",""
"f0958d1f-3f64-453f-aa9b-aeb8eedd204b","dillereng.txt","to the Tanais River 2200","char-offset:8720","EVENT","","","","","","","","relation|navigational",""
"a68809b6-93ca-4477-b4d4-cbcbe66bf73c","dillereng.txt","Tanais","char-offset:8727","PLACE","http://pleiades.stoa.org/places/59844","Iaxartes/Silis/Tanais (river)","-0330/0640","45.7077742","63.5889496","river","VERIFIED","",""
"7de6d303-0617-4860-bdb0-1766edc0fdef","dillereng.txt","altogether from Alexandria to Tanais","char-offset:8746","EVENT","","","","","","","","relation|navigational",""
"ea9c75e0-a5b9-4fcd-9e2c-0c561afd63f0","dillereng.txt","Alexandria","char-offset:8762","PLACE","http://pleiades.stoa.org/places/727070","Alexandria|Alexandria, Alexandria","-2010/2000","31.195371","29.904133","cemetery,temple-2,architecturalcomplex,theatre,port,settlement","VERIFIED","",""
"22566639-1ae3-4eed-af41-b17e8fd71eb0","dillereng.txt","Tanais","char-offset:8776","PLACE","http://pleiades.stoa.org/places/59844","Iaxartes/Silis/Tanais (river)","-0330/0640","45.7077742","63.5889496","river","VERIFIED","",""
"74d9cf2a-92f0-40ae-9242-770940b449be","dillereng.txt","Gades is 120 stades long, 16 wide; the passage at the Pillars of Hercules","char-offset:8944","EVENT","","","","","","","","relation|navigational",""
"fae91508-34f4-4c51-98af-c8228a4e0841","dillereng.txt","Gades","char-offset:8944","PLACE","http://pleiades.stoa.org/places/256177","Gadeira/Gades/Col. Augusta Gaditana|Gades/Gadeira/Col. Augusta Gaditana, Cádiz","-0750/2100","36.528381","-6.294444","arch,theatre,townhouse,settlement","VERIFIED","",""
"29b9e577-e878-4e21-9de5-47156f080381","dillereng.txt","Pillars","char-offset:8998","PLACE","http://pleiades.stoa.org/places/275614","Columnae Herculis","-0750/0300","35.9358335","-5.384583","cape","VERIFIED","",""
"20b51646-8d9e-466c-9c8c-5ad73215ec7e","dillereng.txt","Iberian sea","char-offset:9056","PLACE","http://pleiades.stoa.org/places/265818","Baliaricum Mare","-0330/0640","40.0","1.5","water-open","VERIFIED","",""
"4e5595b3-af38-4cec-969a-035048748059","dillereng.txt","Pityussae","char-offset:9076","PLACE","http://pleiades.stoa.org/places/266001","Pityussae Inss.","-0750/0640","39.36121435","1.4532148999999999","archipelago","VERIFIED","",""
"1ae5b236-4f5a-4a88-ab1c-84f7f0f02a84","dillereng.txt","Gymnasiae","char-offset:9168","PLACE","http://pleiades.stoa.org/places/265817","Baliares/Gymnesiae Inss. (Maior et Minor)|Baliares Inss./Gymnesiae Inss., Islas Baleares","-0550/0640","39.5","3.0","archipelago","VERIFIED","",""
"81a007fe-c37e-4239-b0c6-70e945f355aa","dillereng.txt","Stoechades","char-offset:9335","PLACE","http://pleiades.stoa.org/places/157929","Stoechades (islands)","-0550/0640","43.009435425","6.3633469","island,archipelago","VERIFIED","",""
"b017be4b-0cf3-4c4c-8540-80bff75f790a","dillereng.txt","Massilia","char-offset:9435","PLACE","http://pleiades.stoa.org/places/148127","Massalia/Massilia|Massalia/Massilia, Marseille|Marseille","-0750/2100","43.299467","5.365307","settlement","VERIFIED","",""
"c316af18-71b5-4b17-9a6f-b8a630e0e34d","dillereng.txt","Sardinia","char-offset:9452","PLACE","http://pleiades.stoa.org/places/991344","Sardinia","","37.5","7.5","province","VERIFIED","",""
"9330d023-f3cb-4943-94f6-5680e1fd53f4","dillereng.txt","Corsica","char-offset:9524","PLACE","http://pleiades.stoa.org/places/472063","Corsica/Kyrnos (island)","-0550/-0330","42.103331615555554","9.200077440000001","island","VERIFIED","",""
"296cd5ef-0ac2-4828-8c81-69b92f99f5c4","dillereng.txt","Sardinia","char-offset:9537","PLACE","http://pleiades.stoa.org/places/991344","Sardinia","","37.5","7.5","province","VERIFIED","",""
"2cf424fb-507e-4b07-9370-4faaeef9b40a","dillereng.txt","Sardinia","char-offset:9591","PLACE","http://pleiades.stoa.org/places/991344","Sardinia","","37.5","7.5","province","VERIFIED","",""
"47c9a5c6-3562-445d-8716-3ca4d67de44c","dillereng.txt","Sardinia","char-offset:9618","PLACE","http://pleiades.stoa.org/places/991344","Sardinia","","37.5","7.5","province","VERIFIED","",""
"045d0a03-aced-4c5f-908a-79be6bb6cc07","dillereng.txt","Corsica","char-offset:9631","PLACE","http://pleiades.stoa.org/places/472063","Corsica/Kyrnos (island)","-0550/-0330","42.103331615555554","9.200077440000001","island","VERIFIED","",""
"0364e126-9c60-4f9f-a4ee-318d642522d8","dillereng.txt","Populonium","char-offset:9642","PLACE","http://pleiades.stoa.org/places/403212","Fufluna/Populonium|Populonia/Fufluna, Populonia, Piombino","-0750/2100","42.988066","10.489679","settlement,cemetery,mine","VERIFIED","",""
"da546ba8-3151-4b79-a494-7ce26e3ce919","dillereng.txt","Etruria","char-offset:9656","PLACE","http://pleiades.stoa.org/places/413122","Etruria/Tuscia","-0750/0640","42.42102874792005","11.752744124826158","region","VERIFIED","",""
"c8201995-9b21-42c8-8aa1-dbef8b6ee5bb","dillereng.txt","Sicily","char-offset:9707","PLACE","http://pleiades.stoa.org/places/462492","Sicilia (island)","-0750/2100","37.53667611952188","14.08648464579389","island","VERIFIED","",""
"67483074-be36-4801-ae2c-467b39cb9f0e","dillereng.txt","Pelorus","char-offset:9807","PLACE","http://pleiades.stoa.org/places/462416","Pelorus/Regium Pr.|Pelorus/Regium Pr., Capo Peloro","-0750/0640","38.26816","15.6507","cape","VERIFIED","",""
"54101d9d-c90e-4c70-826f-55ab25a42eb8","dillereng.txt","Italy","char-offset:9818","PLACE","http://pleiades.stoa.org/places/1052","Italia","-0030/0300","42.5","12.5","region","VERIFIED","",""
"2f7f9b53-7481-4435-8c7c-c082c6b4811a","dillereng.txt","Pelorus","char-offset:9863","PLACE","http://pleiades.stoa.org/places/462416","Pelorus/Regium Pr.|Pelorus/Regium Pr., Capo Peloro","-0750/0640","38.26816","15.6507","cape","VERIFIED","",""
"27b26a7c-1c40-4832-be3b-f7ebcd9ec8c5","dillereng.txt","Pachynum","char-offset:9874","PLACE","http://pleiades.stoa.org/places/462405","Pachynum Pr.|Pachynum Pr., Capo Passero","-0550/2100","36.68882","15.15171","cape","VERIFIED","",""
"4d083f7f-c4fd-4bc7-a691-1fc831100049","dillereng.txt","Pachynum","char-offset:9904","PLACE","http://pleiades.stoa.org/places/462405","Pachynum Pr.|Pachynum Pr., Capo Passero","-0550/2100","36.68882","15.15171","cape","VERIFIED","",""
"628b022a-e60b-4605-8eb7-8dcde67d5976","dillereng.txt","Lilybaeum","char-offset:9916","PLACE","http://pleiades.stoa.org/places/462281","Lilybaeum|Lilybaeum, Capo Boeo, Marsala","-0750/2100","37.7990835","12.434233","settlement","VERIFIED","",""
"4ad7b6b7-09ea-4cb4-84ce-922bb45faa5a","dillereng.txt","Lilybaeum","char-offset:9944","PLACE","http://pleiades.stoa.org/places/462281","Lilybaeum|Lilybaeum, Capo Boeo, Marsala","-0750/2100","37.7990835","12.434233","settlement","VERIFIED","",""
"e2ebdd1e-7d64-4283-8fea-48eaf3e4f38a","dillereng.txt","Pelorias","char-offset:9957","PLACE","http://pleiades.stoa.org/places/462416","Pelorus/Regium Pr.|Pelorus/Regium Pr., Capo Peloro","-0750/0640","38.26816","15.6507","cape","VERIFIED","",""
"a408cc57-f822-4980-8803-5c5e533a4fe2","dillereng.txt","Lilybaeum","char-offset:10021","PLACE","http://pleiades.stoa.org/places/462281","Lilybaeum|Lilybaeum, Capo Boeo, Marsala","-0750/2100","37.7990835","12.434233","settlement","VERIFIED","",""
"a64de01f-c3af-41a0-aa37-90945f77182e","dillereng.txt","Aspis","char-offset:10034","PLACE","http://pleiades.stoa.org/places/314892","Aspis/Clipea|Aspis/Clipea, Kélibia","-0330/0640","36.838512","11.115794","settlement","VERIFIED","",""
"d7c1f8a1-4d5c-4ff6-b774-788136fbd844","dillereng.txt","Libya","char-offset:10043","PLACE","http://pleiades.stoa.org/places/716588","Libya","-0030/0640","31.5","26.5","region","UNVERIFIED","",""
"894289a9-ac64-42b3-93f6-6e79907e5546","dillereng.txt","Cercina","char-offset:10085","PLACE","http://pleiades.stoa.org/places/324690","Cercina (island)|Cercina Ins., Grand Kerkenna","-0330/0640","34.7865653","11.2342661","island","VERIFIED","",""
"98b96eb6-74db-4d06-afda-593211332c5a","dillereng.txt","Theёne","char-offset:10168","PLACE","http://pleiades.stoa.org/places/324825","Thaenae|Thaenae, Henchir-Thina","-0330/0640","34.65026","10.68578","settlement","VERIFIED","",""
"40da5f17-af4a-4912-8316-d51546d1cb57","dillereng.txt","lesser Syrtis","char-offset:10215","PLACE","http://pleiades.stoa.org/places/344492","Syrtis Minor","","34.0","10.416667","water-open","VERIFIED","",""
"c0724be2-cd23-4e38-a685-5fb462cc642c","dillereng.txt","Cercina","char-offset:10237","PLACE","http://pleiades.stoa.org/places/324690","Cercina (island)|Cercina Ins., Grand Kerkenna","-0330/0640","34.7865653","11.2342661","island","VERIFIED","",""
"8c95e1cb-7083-4d6c-9fc8-aaccfbc26cfd","dillereng.txt","Carcinitis","char-offset:10261","PLACE","http://pleiades.stoa.org/places/324691","Cercinitis (island)|Cercinitis Ins., Île Gharbi","-0330/0640","34.65044","11.04951","island","VERIFIED","",""
"482ca730-59fd-4110-a3ec-e1f529735744","dillereng.txt","Cercina","char-offset:10336","PLACE","http://pleiades.stoa.org/places/324690","Cercina (island)|Cercina Ins., Grand Kerkenna","-0330/0640","34.7865653","11.2342661","island","VERIFIED","",""
"c0bfbef8-75c2-41ef-8f04-fb4bb684b71a","dillereng.txt","Meninx","char-offset:10358","PLACE","http://pleiades.stoa.org/places/344440","Meninx/Lotophagitis/Girba Ins.|Girba?|Girba?, Houmt-Souk|Meninx Ins./Lotophagitis Ins./Girba Ins., Djerba","-0330/0640","33.874783","10.859558","island,settlement","VERIFIED","",""
"308a2412-7cf9-43ec-a475-2d4864f1c145","dillereng.txt","lesser Syrtis","char-offset:10439","PLACE","http://pleiades.stoa.org/places/344492","Syrtis Minor","","34.0","10.416667","water-open","VERIFIED","",""
"6dacf126-486e-4b12-846d-ed0a0002cb0f","dillereng.txt","Meninx","char-offset:10454","PLACE","http://pleiades.stoa.org/places/344440","Meninx/Lotophagitis/Girba Ins.|Girba?|Girba?, Houmt-Souk|Meninx Ins./Lotophagitis Ins./Girba Ins., Djerba","-0330/0640","33.874783","10.859558","island,settlement","VERIFIED","",""
"04d5778b-c022-4617-8220-8d572a15cefe","dillereng.txt","Cephallenia","char-offset:10555","PLACE","http://pleiades.stoa.org/places/530826","Cephallania (island)|Cephallania Ins., Kephallenia","-0750/0640","38.2","20.59","island","VERIFIED","",""
"7f768c49-86f8-44ae-b5cb-981a2b81150e","dillereng.txt","Adriatic","char-offset:10625","PLACE","http://pleiades.stoa.org/places/1004","(H)Adriaticum/Superum Mare","-0330/-0030","42.7752864","15.885196","water-open","VERIFIED","",""
"05209139-768f-4404-b674-2d56f28a1c01","dillereng.txt","Illyria","char-offset:10648","PLACE","http://pleiades.stoa.org/places/481865","Illyricum","-0550/-0030","42.42714848333334","17.964516466666666","province","VERIFIED","",""
"62697839-96e8-41f6-9f41-63801da64f12","dillereng.txt","Issa","char-offset:10668","PLACE","http://pleiades.stoa.org/places/550599","Issa?|Issa?, Xerokastrine, Lesbos","-0750/-0030","39.207108","26.131466","settlement","VERIFIED","",""
"aa262341-e381-45a2-acd1-9ea16f54debc","dillereng.txt","Black Corcyra","char-offset:10677","PLACE","http://pleiades.stoa.org/places/197224","Corcyra Nigra Ins.|Corcyra Nigra Ins., Korčula","-0550/0640","42.94787","17.00898","island","VERIFIED","",""
"87efe81c-e1d5-4b7e-9b93-fab4b49628b0","dillereng.txt","Pharos","char-offset:10695","PLACE","http://pleiades.stoa.org/places/727197","Pharos|Pharos, Pharos, Alexandria","-0330/0640","31.213931","29.885661","lighthouse","VERIFIED","",""
"225e1dca-ea98-49b2-9472-5ac01e52fc1c","dillereng.txt","Melite","char-offset:10706","PLACE","http://pleiades.stoa.org/places/582863","Melite|Melite, W Agora [VII(XII) - city - 7]","-0550/0300","37.979531","23.718407","settlement","VERIFIED","",""
"6a60c88c-1b66-4733-8a72-123d3654a220","dillereng.txt","Peloponnesus","char-offset:10787","PLACE","http://pleiades.stoa.org/places/570577","Peloponnesus/Peloponnesos/Peloponnese","-0550/0640","37.25289777692308","22.312752688461543","peninsula,region","VERIFIED","",""
"14121aa7-62db-49a2-bdd3-d0ba783c321b","dillereng.txt","Malea","char-offset:10891","PLACE","http://pleiades.stoa.org/places/570455","Malea Pr.|Malea Pr., Akr. Maleas","","36.43603","23.19975","cape","VERIFIED","",""
"c4f4b209-3999-49e3-8ebb-5aaade428723","dillereng.txt","Aegium","char-offset:10900","PLACE","http://pleiades.stoa.org/places/570049","Aigion|Aigion, Aigio","-0750/0300","38.252707","22.081952","settlement","VERIFIED","",""
"3be38430-a2f3-4930-8fa9-0c7c8ce2877f","dillereng.txt","Gulf of Corinth","char-offset:10993","PLACE","http://pleiades.stoa.org/places/570181","Corinthiacus Sinus","","38.175407050000004","22.395744800000003","water-open","VERIFIED","",""
"d7819fe9-03ef-4be2-872a-68f23990fe27","dillereng.txt","Isthmus","char-offset:11016","PLACE","http://pleiades.stoa.org/places/570317","Isthmos","","37.9510881","22.9602226","isthmus","VERIFIED","",""
"7a3960a5-41e9-4c7f-a7c3-0a5b65164bc8","dillereng.txt","Corinthian","char-offset:11051","PLACE","http://pleiades.stoa.org/places/570181","Corinthiacus Sinus","","38.175407050000004","22.395744800000003","water-open","VERIFIED","",""
"e2e2ab6d-0580-488c-b5c1-58d2df54b1f1","dillereng.txt","Saronic","char-offset:11066","PLACE","http://pleiades.stoa.org/places/570654","Saronicus Sinus","-0030/0300","37.77606943333334","23.46300815833333","water-open","VERIFIED","",""
"4f197d24-f0fa-49ed-8bf5-316ad669ae4d","dillereng.txt","Cape Scyllaeum","char-offset:11090","PLACE","http://pleiades.stoa.org/places/570679","Skyllaion (promontory)|Skyllaion Pr., Cape Spathi","-0030/0300","37.435","23.523","cape","VERIFIED","",""
"4aeab690-7b95-4ad8-ab47-de5807da7f54","dillereng.txt","Calauria","char-offset:11121","PLACE","http://pleiades.stoa.org/places/570325","Kalaureia (island)|Poseidon, Agios Nektarios, Poros|Kalaureia Ins., Poros","-0750/0300","37.52255","23.48041","island","VERIFIED","",""
"3b06da2c-f6cc-47b4-b633-bd608732c7f3","dillereng.txt","gulf of Hermione","char-offset:11171","PLACE","","","","","","","NOT_IDENTIFIABLE","",""
"7b71d580-7342-483e-a1d2-140beabb1fb6","dillereng.txt","gulf of Argos","char-offset:11198","PLACE","http://pleiades.stoa.org/places/570103","Argolicus Sinus","","37.500864","22.728648","water-open","VERIFIED","",""
"c3c1760d-1181-4fdb-a995-e495c1b5b8d9","dillereng.txt","Malea","char-offset:11227","PLACE","http://pleiades.stoa.org/places/570455","Malea Pr.|Malea Pr., Akr. Maleas","","36.43603","23.19975","cape","VERIFIED","",""
"c246e139-bd60-4e04-8160-c16d52dd32a6","dillereng.txt","Malea","char-offset:11274","PLACE","http://pleiades.stoa.org/places/570455","Malea Pr.|Malea Pr., Akr. Maleas","","36.43603","23.19975","cape","VERIFIED","",""
"fc85dadf-5f58-4e27-9b86-beb728b792e1","dillereng.txt","gulf of Laconia","char-offset:11284","PLACE","http://pleiades.stoa.org/places/570407","Laconicus Sinus","","36.66","22.71","water-open","VERIFIED","",""
"9ae08083-fef7-44b1-b3ca-bb8757c8bf07","dillereng.txt","Taenarum","char-offset:11310","PLACE","http://pleiades.stoa.org/places/570702","Tainaron (settlement)|Tainaron/Tainaros/Taenarum/Taenaros, Tainaron","-0750/0300","36.401551","22.4866293","settlement","VERIFIED","",""
"f93cce1b-ad78-46f9-96ef-eaa52599b6d9","dillereng.txt","gulf of Messenia","char-offset:11350","PLACE","http://pleiades.stoa.org/places/570123","Asinaeus/Coronaeus Sinus","-0030/0300","36.75","22.25","water-open","VERIFIED","",""
"01bf93b4-70fb-4041-984f-9f763b0d9e73","dillereng.txt","Cape Acritas","char-offset:11384","PLACE","http://pleiades.stoa.org/places/570057","Ak(r)itas Pr.|Akritas Pr./Akitas Pr., Cape Akritas","","36.72016","21.8764","cape","VERIFIED","",""
"82009b7c-223d-4879-ac6d-2b973854d81e","dillereng.txt","Cape Ichthys","char-offset:11416","PLACE","http://pleiades.stoa.org/places/570310","Ichthys Pr.|Ichthys Pr., Akr. Katakolon","","37.63163","21.3114","cape","VERIFIED","",""
"9fef3bac-b48a-484c-bb4d-93f597d52f31","dillereng.txt","Zacynthus","char-offset:11443","PLACE","http://pleiades.stoa.org/places/531154","Zacynthus|Zacynthus, Zakynthos","-0750/0640","37.787178","20.892091","settlement","VERIFIED","",""
"311b2af6-3e8f-46ae-8354-5913f93e2e71","dillereng.txt","Cape Chelonatas","char-offset:11458","PLACE","http://pleiades.stoa.org/places/570174","Chelonatas Pr.|Chelonatas Pr., Akr. Kyllinis","-0030/0300","37.93748","21.12557","cape","VERIFIED","",""
"2851e11d-a6c6-48c8-85cd-a3c68ac3cc21","dillereng.txt","Cape Araxus","char-offset:11486","PLACE","http://pleiades.stoa.org/places/570101","Araxos Pr.|Araxos Pr., Cape Araxos","-0030/0300","38.212","21.377","cape","VERIFIED","",""
"0ea5f89a-2dda-40e4-ad2a-64859f7f4d48","dillereng.txt","Acarnania","char-offset:11505","PLACE","http://pleiades.stoa.org/places/530767","Acarnania","-0550/0640","38.672287499999996","21.317874500000002","region","VERIFIED","",""
"77572c68-63e3-4565-99d3-0a70d4e16699","dillereng.txt","Gulf of Corinth","char-offset:11541","PLACE","http://pleiades.stoa.org/places/570181","Corinthiacus Sinus","","38.175407050000004","22.395744800000003","water-open","VERIFIED","",""
"02ecc452-52f5-4266-8eeb-51ed790e9c5d","dillereng.txt","Rhion","char-offset:11593","PLACE","http://pleiades.stoa.org/places/267084998","Rhion","-0550/-0330","38.388044","21.757727","unlocated,settlement,port","VERIFIED","",""
"634fdfc5-ad1e-40f8-8094-1c71eacda821","dillereng.txt","Peloponnesus","char-offset:11606","PLACE","http://pleiades.stoa.org/places/570577","Peloponnesus/Peloponnesos/Peloponnese","-0550/0640","37.25289777692308","22.312752688461543","peninsula,region","VERIFIED","",""
"7d811fa5-1a34-417e-b268-c5c594df8944","dillereng.txt","Antirhion","char-offset:11623","PLACE","http://pleiades.stoa.org/places/540643","Antirrhion Pr.|Antirrhion Pr., Ákra Andírrion","","38.327","21.7658","cape","VERIFIED","",""
"b8203d39-7b22-4435-b3f3-cd4ed461a116","dillereng.txt","Locris","char-offset:11636","PLACE","http://pleiades.stoa.org/places/540919","Locris Ozolia","","38.25","21.75","unknown","VERIFIED","",""
"94366fa7-7977-4f41-8c24-07a88a5eadcd","dillereng.txt","Taenarum","char-offset:11649","PLACE","http://pleiades.stoa.org/places/570702","Tainaron (settlement)|Tainaron/Tainaros/Taenarum/Taenaros, Tainaron","-0750/0300","36.401551","22.4866293","settlement","VERIFIED","",""
"6dbf15d1-e6a1-4999-bbaf-1a1d0106a7f5","dillereng.txt","Phycus","char-offset:11661","PLACE","http://pleiades.stoa.org/places/373873","Phykous Akron|Phykous Akron, Ras Aamer/Ras Sem","","32.93952","21.70302","cape","VERIFIED","",""
"c365fbb4-8271-42cc-9de3-f1fd3bd83397","dillereng.txt","Libya","char-offset:11671","PLACE","http://pleiades.stoa.org/places/716588","Libya","-0030/0640","31.5","26.5","region","VERIFIED","",""
"05dfd004-70e0-4f30-b534-3d67385374d6","dillereng.txt","Aegina","char-offset:11722","PLACE","http://pleiades.stoa.org/places/579853","Temple of Aphaia on Aegina|Aigina|Aigina, Aigina|Aphaia, Temple of Aphaea|Aegina (island)|Aegina Ins., Aegina","-0750/2100","37.74991","23.42372","island,settlement,temple-2","VERIFIED","",""
"ebb7880c-601d-4048-86f3-3637aa9123ba","dillereng.txt","Attica","char-offset:11758","PLACE","http://pleiades.stoa.org/places/579888","Attica","-0750/0640","38.051998833333336","23.818991099999998","region","VERIFIED","",""
"7fc9ec29-efbe-4fa8-aa90-c223e32cabd6","dillereng.txt","Salamis","char-offset:11766","PLACE","http://pleiades.stoa.org/places/580100","Salamis|Salamis, Salamis","-0550/0300","37.947768","23.5314735","settlement","VERIFIED","",""
"a5f69a52-dfb9-413a-b5f5-77174235a8be","dillereng.txt","Ceia","char-offset:11790","PLACE","http://pleiades.stoa.org/places/570348","Keos (island)|Keos Ins., Kea","","37.6217","24.35666","island","VERIFIED","",""
"66cee964-f3f3-461c-9096-940a56fe77e7","dillereng.txt","Cyclades","char-offset:11807","PLACE","http://pleiades.stoa.org/places/560353","Cyclades Islands","-0030/0300","37.0415464153846","25.139512376923083","island,archipelago","VERIFIED","",""
"90a115c3-064b-4c2c-bdb9-9fdf583c0e24","dillereng.txt","Naxos","char-offset:11832","PLACE","http://pleiades.stoa.org/places/599821","Naxos|Naxos, Naxos","-0750/0640","37.10595","25.37699","settlement","VERIFIED","",""
"ab1f4bb1-0d69-4e8a-af81-e78d8656db89","dillereng.txt","Sporades","char-offset:11888","PLACE","http://pleiades.stoa.org/places/599944","Sporades (archipelago)","-0030/0300","38.59845930000001","25.71077449166667","island,archipelago","VERIFIED","",""
"e13bb67a-0ad2-459e-8a74-ab3f7950f078","dillereng.txt","Euboea","char-offset:11898","PLACE","http://pleiades.stoa.org/places/540775","Euboea (island)|Euboea Ins./Euboia, Euboia","-0550/-0330","38.53","23.87","island","VERIFIED","",""
"7a43cc43-94a9-493b-94ec-40a7a917230e","dillereng.txt","Boeotia","char-offset:11918","PLACE","http://pleiades.stoa.org/places/540689","Boeotia","-0550/0300","38.34668803333333","23.184677533333332","region","VERIFIED","",""
"562c9631-5f34-43ee-93be-22edec4388fd","dillereng.txt","Boeotia","char-offset:11956","PLACE","http://pleiades.stoa.org/places/540689","Boeotia","-0550/0300","38.34668803333333","23.184677533333332","region","VERIFIED","",""
"5bbb06aa-b41b-4e7c-a8e4-7758a2fa28a0","dillereng.txt","Phocis","char-offset:11964","PLACE","http://pleiades.stoa.org/places/541048","Phocis","","38.25","22.25","unknown","VERIFIED","",""
"248247ac-5044-471f-b0c4-a59651b46302","dillereng.txt","Locris","char-offset:11971","PLACE","http://pleiades.stoa.org/places/540919","Locris Ozolia","","38.25","21.75","unknown","VERIFIED","",""
"8014e785-9d94-458c-9f36-e0c1a3852b47","dillereng.txt","Attica","char-offset:12020","PLACE","http://pleiades.stoa.org/places/579888","Attica","-0750/0640","38.051998833333336","23.818991099999998","region","VERIFIED","",""
"6d1820ac-77b5-4acd-acb6-221e626db7e2","dillereng.txt","Crete","char-offset:12095","PLACE","http://pleiades.stoa.org/places/589748","Creta (island)","-0750/2100","35.21984439173344","24.995769971494504","island","VERIFIED","",""
"5a032f70-9a42-4a6c-a6c5-202c3454b0f6","dillereng.txt","Peloponnesus","char-offset:12113","PLACE","http://pleiades.stoa.org/places/570577","Peloponnesus/Peloponnesos/Peloponnese","-0550/0640","37.25289777692308","22.312752688461543","peninsula,region","VERIFIED","",""
"6bd9dbc9-22fe-49c0-be5a-0225c071f190","dillereng.txt","Malea","char-offset:12130","PLACE","http://pleiades.stoa.org/places/570455","Malea Pr.|Malea Pr., Akr. Maleas","","36.43603","23.19975","cape","VERIFIED","",""
"92ee62c4-8e94-4985-9c6d-6423d3801b6c","dillereng.txt","Cythera","char-offset:12195","PLACE","http://pleiades.stoa.org/places/570186","Kythera|Cythera Ins.|Cythera Ins., Kythira|Kythera, Kythera","-0750/0300","36.26229","22.97822","island,settlement","VERIFIED","",""
"add7c391-d927-4ca3-9350-c913b26f476c","dillereng.txt","Crete","char-offset:12214","PLACE","http://pleiades.stoa.org/places/589748","Creta (island)","-0750/2100","35.21984439173344","24.995769971494504","island","VERIFIED","",""
"76f8fc58-83ae-4960-b265-56ca636dc443","dillereng.txt","Laconia","char-offset:12224","PLACE","http://pleiades.stoa.org/places/570406","Lacedaemon/Laconia","-0750/0300","37.07624042080912","22.46082645177671","region","VERIFIED","",""
"46681b73-f220-4f42-ab34-81e51a1d6172","dillereng.txt","Cyprus","char-offset:12233","PLACE","http://pleiades.stoa.org/places/707498","Cyprus (island)","-0030/2100","35.040883529816504","33.27533716422018","island","VERIFIED","",""
"e2434807-d8dd-480c-9371-35118fc98e9c","dillereng.txt","Paphos","char-offset:12306","PLACE","http://pleiades.stoa.org/places/707596","(Nea) Paphos|(Palai)Paphos|Palaipaphos/Paphos/Palephatus, Kouklia|Nea Paphos/Paphos/Baphpho, Kato Paphos","-0750/0640","34.707147","32.573711","settlement","VERIFIED","",""
"4530ea68-1deb-4429-badf-fe6b68905891","dillereng.txt","Alexandria","char-offset:12316","PLACE","http://pleiades.stoa.org/places/727070","Alexandria|Alexandria, Alexandria","-2010/2000","31.195371","29.904133","cemetery,temple-2,architecturalcomplex,theatre,port,settlement","VERIFIED","",""
"21da5bf9-2954-4faf-8de5-2f506aa0e970","dillereng.txt","Rhodes","char-offset:12388","PLACE","http://pleiades.stoa.org/places/590031","Kamiros|Apollo Erethimios, T.|Ialysos|Ialysus/Ialysos, Trianda, Ialysos|Lindos|Lindos/Lindus, Lindos|Apollo Erethimios, Apollo Erethimios|Rhodos (island)|Rhodos Ins., Rhodos|Rhodos|Rhodos, Rhodos|Kamiros/Camirus, Kamiros, Kalavarda","-1200/2100","36.41451","28.15629","island,settlement,temple-2,stadion","VERIFIED","",""
"2f1613ea-947a-49aa-80e9-ba3680a4bae4","dillereng.txt","Cos","char-offset:12414","PLACE","http://pleiades.stoa.org/places/599581","Kos/Cos (island)|Kos/Cos, Kos","","36.844","27.17","island","VERIFIED","",""
"e54547bf-ac2a-49a7-b598-8299c173bab7","dillereng.txt","Samos","char-offset:12433","PLACE","http://pleiades.stoa.org/places/599926","Samos|Samos (island)|Samos Ins./Samus Ins., Samos|Samos, Samos|Heraion|Heraion, Heraion","-0750/0640","37.73","26.84","island,sanctuary,settlement,temple-2","VERIFIED","",""
"ccb5e68d-9cfb-4be4-bc9e-81cf00b36fc1","dillereng.txt","Icaria","char-offset:12451","PLACE","http://pleiades.stoa.org/places/599667","Ikaros (island)|Ikaros/Ikaria, Ikaria","-0030/0300","37.6136166","26.2536135","island","VERIFIED","",""
"6adc7aca-7571-41ed-bf21-0dd0849ab033","dillereng.txt","Chios","char-offset:12518","PLACE","http://pleiades.stoa.org/places/550497","Chios (island)|Chios Ins., Chios","-0030/0300","38.414","26.053","island","VERIFIED","",""
"2eaee1f4-cfce-4e2a-9698-0761283b982c","dillereng.txt","Lesbos","char-offset:12542","PLACE","http://pleiades.stoa.org/places/550696","Lesbos (island)|Lesbos Ins./Lesbus Ins., Lesbos","1700/2100","39.20874","26.10052","island","VERIFIED","",""
