UUID,FILE,QUOTE_TRANSCRIPTION,ANCHOR,TYPE,URI,VOCAB_LABEL,VOCAB_TEMPORAL_BOUNDS,LAT,LNG,PLACE_TYPE,VERIFICATION_STATUS,TAGS,COMMANDERS,NUMBER OF SHIPS,NUMBER OF SOLDIERS
891bb31b-8fe3-405a-b908-d45e063b39c6,Catalogue of ships - Il. 2.txt,Zeus,char-offset:475,PERSON,,,,,,,,,,,
daf93a85-c5db-406f-9e2c-739d2ba33b83,Catalogue of ships - Il. 2.txt,Peneleos,char-offset:588,PERSON,,,,,,,,,,,
dcd064fa-9676-4036-a69a-86679ebc4827,Catalogue of ships - Il. 2.txt,Leitos,char-offset:598,PERSON,,,,,,,,,,,
b959716e-861b-4255-8e92-afdefb58dd0e,Catalogue of ships - Il. 2.txt,Arkesilaos,char-offset:607,PERSON,,,,,,,,,,,
91fd10ec-dc11-4bd5-b879-173ccb550ad5,Catalogue of ships - Il. 2.txt,Prothoenor,char-offset:619,PERSON,,,,,,,,,,,
8a17ea05-b00b-476e-8dee-9ae15c053e88,Catalogue of ships - Il. 2.txt,Klonios,char-offset:635,PERSON,,,,,,,,,,,
846e4219-2a63-4305-85bb-142dc4118cc8,Catalogue of ships - Il. 2.txt,Boeotians,char-offset:663,PLACE,http://pleiades.stoa.org/places/540689,Boeotia,-0550/0300,38.34668803333330,23.184677533333300,region,VERIFIED,Boeotians,"Arkesilaos, Prothoenor, Klonios",50,600
b7dcbd12-044c-45c3-a88e-f47ee81924b2,Catalogue of ships - Il. 2.txt,Hyria,char-offset:704,PLACE,http://pleiades.stoa.org/places/540830,"Hyria|Hyria, Tseloneri",-0750/0640,38.456822,23.564791,settlement,VERIFIED,Boeotians,"Arkesilaos, Prothoenor, Klonios",,
174bf9a1-5cd2-4738-8d45-31b6f15c486e,Catalogue of ships - Il. 2.txt,Aulis,char-offset:720,PLACE,http://pleiades.stoa.org/places/579889,"Aulis|Aulis, Mikro Vathy/Ag. Nikolaos",-0750/0640,38.4335,23.5925,settlement,VERIFIED,Boeotians,"Arkesilaos, Prothoenor, Klonios",,
ae3a6bef-6218-45d1-b9b4-72e219bc4d87,Catalogue of ships - Il. 2.txt,Schoinos,char-offset:740,PLACE,http://pleiades.stoa.org/places/541091,"Schoinos|Schoinos, Mouriki",-0750/0640,38.4274,23.362092,settlement,VERIFIED,Boeotians,"Arkesilaos, Prothoenor, Klonios",,
e47d4526-3b2f-4b10-8fe1-5086128b1f33,Catalogue of ships - Il. 2.txt,Skolos,char-offset:750,PLACE,http://pleiades.stoa.org/places/541106,"Skolos|Skolos, Soros",-0750/0640,38.317722,23.403247,settlement,VERIFIED,Boeotians,"Arkesilaos, Prothoenor, Klonios",,
3ba0a6b9-6697-4d6a-968c-0a3791ac17ad,Catalogue of ships - Il. 2.txt,Eteonos,char-offset:779,PLACE,http://pleiades.stoa.org/places/543704,Eteonos/Skaphaliai,,,,unlocated,VERIFIED,Boeotians,"Arkesilaos, Prothoenor, Klonios",,
c94298b7-a9a9-436e-9961-2db11673c38f,Catalogue of ships - Il. 2.txt,Thespeia,char-offset:793,PLACE,http://pleiades.stoa.org/places/541141,"Thespiai|Thespiai/Thespeia/Thespiae, Erimokastro",-0750/0640,38.293384,23.154521,settlement,VERIFIED,Boeotians,"Arkesilaos, Prothoenor, Klonios",,
084cac3e-edc1-418c-b6fc-91f894c5a76c,Catalogue of ships - Il. 2.txt,Graia,char-offset:803,PLACE,http://pleiades.stoa.org/places/540796,"Graia|Graia, Dramesi",-0750/-0330,38.387159,23.630098,settlement,VERIFIED,Boeotians,"Arkesilaos, Prothoenor, Klonios",,
64007063-bff6-45ab-b66b-aee4044c7c70,Catalogue of ships - Il. 2.txt,Mykalessos,char-offset:831,PLACE,http://pleiades.stoa.org/places/540953,"Mykalessos|Mykalessos, Rhitsona",-0750/0640,38.415804,23.545847,settlement,VERIFIED,Boeotians,"Arkesilaos, Prothoenor, Klonios",,
2063ce42-977a-4d6e-a7de-5dd72f1e1818,Catalogue of ships - Il. 2.txt,Harma,char-offset:858,PLACE,http://pleiades.stoa.org/places/579943,Harma,-0550/0300,38.125,23.625,unknown,VERIFIED,Boeotians,"Arkesilaos, Prothoenor, Klonios",,
27907d20-4d07-429a-b6d0-a29a109270ce,Catalogue of ships - Il. 2.txt,Eilesium,char-offset:865,PLACE,http://pleiades.stoa.org/places/540750,"Eilesion|Eilesion, Asopia",-0750/0300,38.30214,23.504108,settlement,VERIFIED,Boeotians,"Arkesilaos, Prothoenor, Klonios",,
49ffeddc-38b7-47e3-821b-3477613d19b5,Catalogue of ships - Il. 2.txt,Erythrae,char-offset:879,PLACE,http://pleiades.stoa.org/places/550535,"Erythrai|Erythrai|Erythrai, Ildır Köyrü, İzmir|Erythrai/Erythrae, Darimari",-0750/0640,38.38122,26.48103,"settlement,port",VERIFIED,Boeotians,"Arkesilaos, Prothoenor, Klonios",,
cd0fed23-efbe-47d2-8405-d2091aa32445,Catalogue of ships - Il. 2.txt,Eleon,char-offset:903,PLACE,http://dare.ht.lu.se/places/31134,"Heleon|Eleon, Arna",-0750/0640,38.355639,23.479833,settlement,VERIFIED,Boeotians,"Arkesilaos, Prothoenor, Klonios",,
f3d358fa-c550-4c78-83d0-583c2d083109,Catalogue of ships - Il. 2.txt,Hyle,char-offset:910,PLACE,http://pleiades.stoa.org/places/540824,"Hylai|Hyle 2, Klimatarie",-0330/0300,38.411036,23.278871,settlement,VERIFIED,Boeotians,"Arkesilaos, Prothoenor, Klonios",,
b055c20f-5301-4422-8724-fa32c3c8e4cd,Catalogue of ships - Il. 2.txt,Peteon,char-offset:920,PLACE,http://pleiades.stoa.org/places/541028,"Peteon|Peteon, Platanaki",-0750/0300,38.443961,23.412119,settlement,VERIFIED,Boeotians,"Arkesilaos, Prothoenor, Klonios",,
3330c37a-f4cd-46e1-ba11-f72adc4f1acf,Catalogue of ships - Il. 2.txt,Ocalea,char-offset:928,PLACE,http://pleiades.stoa.org/places/540978,"Okaleia?|Okaleia?, Evangelistria",-0550/0640,38.351509,23.03774,settlement,VERIFIED,Boeotians,"Arkesilaos, Prothoenor, Klonios",,
5043657c-ef4a-4751-829c-45a1a571009f,Catalogue of ships - Il. 2.txt,Medeon,char-offset:962,PLACE,http://pleiades.stoa.org/places/540939,"Medeon?|Medeon|Medeon, Ag. Theodoroi|Medeon, Davlosi",-0750/0640,38.36754,22.6827,settlement,VERIFIED,Boeotians,"Arkesilaos, Prothoenor, Klonios",,
ddfd09f2-ff37-450d-a328-42b013bf5069,Catalogue of ships - Il. 2.txt,Copae,char-offset:970,PLACE,http://pleiades.stoa.org/places/540878,"Kopai|Kopai, Topolia/Kastro",-0750/0640,38.493128,23.160772,settlement,VERIFIED,Boeotians,"Arkesilaos, Prothoenor, Klonios",,
532a1331-6bef-4718-bd07-bd13cb52a929,Catalogue of ships - Il. 2.txt,Eutresis,char-offset:977,PLACE,http://pleiades.stoa.org/places/540787,"Eutresis|Eutresis, Arkopodi",-0750/0640,38.268249,23.20466,settlement,VERIFIED,Boeotians,"Arkesilaos, Prothoenor, Klonios",,
a0ca5544-2b1d-4e8b-8a71-f1ce2c5b381e,Catalogue of ships - Il. 2.txt,Thisbe,char-offset:991,PLACE,http://pleiades.stoa.org/places/541146,"Thisbe|Thisbai, Kakosi",-0750/0640,38.259722,22.96835,"church,settlement",VERIFIED,Boeotians,"Arkesilaos, Prothoenor, Klonios",,
1bb1fdf9-bcea-4919-9606-df5fe13ae526,Catalogue of ships - Il. 2.txt,Coronea,char-offset:1018,PLACE,http://pleiades.stoa.org/places/540717,"Coronea|Koroneia, Palea Koronia",-0750/0640,38.392613,22.956902,settlement,VERIFIED,Boeotians,"Arkesilaos, Prothoenor, Klonios",,
99d647c6-8bc4-4505-9df6-6537bd6c9d66,Catalogue of ships - Il. 2.txt,Haliartus,char-offset:1047,PLACE,http://pleiades.stoa.org/places/540801,"Haliartos|Haliartos/Ariartos/Hariartos, Moulki/Aliartos",-0750/0640,38.379818,23.088416,settlement,VERIFIED,Boeotians,"Arkesilaos, Prothoenor, Klonios",,
4ee8f4fa-443e-49de-ab9a-4a2ccd0fb9f1,Catalogue of ships - Il. 2.txt,Plataea,char-offset:1058,PLACE,http://pleiades.stoa.org/places/541063,"Plataea|Plataiai, Kokkla",-0750/0640,38.221019,23.273866,settlement,VERIFIED,Boeotians,"Arkesilaos, Prothoenor, Klonios",,
ccf54c52-3e29-4c65-b66a-fab54cf78f21,Catalogue of ships - Il. 2.txt,Glisas,char-offset:1070,PLACE,http://pleiades.stoa.org/places/540791,"Glisas|Glisas, Sirtzi",-0750/0300,38.391809,23.396935,settlement,VERIFIED,Boeotians,"Arkesilaos, Prothoenor, Klonios",,
34bd6fae-7043-4a62-8706-c886acbc4337,Catalogue of ships - Il. 2.txt,Thebes,char-offset:1095,PLACE,http://pleiades.stoa.org/places/541138,"Thebai/Thebae|Kabeirion|Kabeirion, Kabeirion|Thebai, Thiva",-0750/2100,38.318092,23.255096,"sanctuary,settlement",VERIFIED,Boeotians,"Arkesilaos, Prothoenor, Klonios",,
1d4db975-71b5-4152-a459-42fd8856fa0c,Catalogue of ships - Il. 2.txt,Onchestos,char-offset:1117,PLACE,http://pleiades.stoa.org/places/540984,"Onchestos|Onchestos, Steni",-0750/0640,38.364863,23.146959,"settlement,temple-2,architecturalcomplex",VERIFIED,Boeotians,"Arkesilaos, Prothoenor, Klonios",,
a8982a9d-5338-4624-bef5-de142e30f999,Catalogue of ships - Il. 2.txt,Poseidon,char-offset:1152,PERSON,,,,,,,,,,,
6b7334b1-72a0-4813-b4e0-0d83755c2824,Catalogue of ships - Il. 2.txt,Arne,char-offset:1162,PLACE,http://pleiades.stoa.org/places/540663,"Arne|Arne, Magoula Balomenou",-0550/0640,38.48288,22.93328,settlement,VERIFIED,Boeotians,"Arkesilaos, Prothoenor, Klonios",,
a10d3cc4-ea07-454f-a259-37c98d39b50f,Catalogue of ships - Il. 2.txt,Midea,char-offset:1186,PLACE,http://pleiades.stoa.org/places/570485,"Midea|Midea, near Dendra",-0750/2100,37.65,22.842,settlement,VERIFIED,Boeotians,"Arkesilaos, Prothoenor, Klonios",,
1109117e-1b4a-4eae-b350-4e62e3177c45,Catalogue of ships - Il. 2.txt,Nisa,char-offset:1200,PLACE,http://pleiades.stoa.org/places/543807,Nisa,-0750/-0550,,,unlocated,VERIFIED,Boeotians,"Arkesilaos, Prothoenor, Klonios",,
68b1708e-6c00-457c-b011-df7dc4e13bd0,Catalogue of ships - Il. 2.txt,Anthedon,char-offset:1210,PLACE,http://pleiades.stoa.org/places/540639,"Anthedon|Anthedon, Loukisia",-0750/0640,38.498583,23.448834,settlement,VERIFIED,Boeotians,"Arkesilaos, Prothoenor, Klonios",,
a799b852-de8a-4add-a026-f3eb0cedb108,Catalogue of ships - Il. 2.txt,fifty ships,char-offset:1255,EVENT,,,,,,,,,,,
a3875bd2-3d44-462d-ac9c-a7eb706f5019,Catalogue of ships - Il. 2.txt,a hundred and twenty young men,char-offset:1292,EVENT,,,,,,,,,,,
d5d9b005-eac2-43e9-94b3-7a47e82fca90,Catalogue of ships - Il. 2.txt,Boeotians,char-offset:1330,PLACE,http://pleiades.stoa.org/places/540689,Boeotia,-0550/0300,38.34668803333330,23.184677533333300,region,VERIFIED,Boeotians,"Arkesilaos, Prothoenor, Klonios",,
4c4e68a1-2684-42d9-b4c1-8654ef56b3d0,Catalogue of ships - Il. 2.txt,Askalaphos,char-offset:1341,PERSON,,,,,,,,,,,
ae5f2bea-553a-42c6-a68e-bb17330cb70b,Catalogue of ships - Il. 2.txt,Ialmenos,char-offset:1356,PERSON,,,,,,,,,,,
ebe193d5-093a-445d-982a-712c44cc5a5f,Catalogue of ships - Il. 2.txt,Ares,char-offset:1374,PERSON,,,,,,,,,,,
9224833a-6cd7-46f7-9e71-9c82804de64d,Catalogue of ships - Il. 2.txt,Aspledon,char-offset:1409,PLACE,http://pleiades.stoa.org/places/541126,"Tegyra|Aspledon, Pirgos",-0750/0300,38.512851,23.034484,settlement,VERIFIED,Aspledon,"Askalaphos, Ialmenos",30,
e2d5644a-0d5c-4f8a-a984-b7497a5aea60,Catalogue of ships - Il. 2.txt,Orkhomenos,char-offset:1422,PLACE,http://pleiades.stoa.org/places/540987,"Orchomenos/Orchomenus|Orchomenos, Orchomenos",-0750/0640,38.495082,22.959486,settlement,VERIFIED,Orchomenos,"Askalaphos, Ialmenos",30,
6c3131c2-3397-4f44-b1af-bbaf4cc1fd31,Catalogue of ships - Il. 2.txt,Astyoche,char-offset:1454,PERSON,,,,,,,,,,,
4579339a-9a6f-4f86-aee7-26d4a80312f5,Catalogue of ships - Il. 2.txt,Aktor,char-offset:1504,PERSON,,,,,,,,,,,
9f17ed18-4c40-4783-9384-0bbc27791c27,Catalogue of ships - Il. 2.txt,Azeus,char-offset:1517,PERSON,,,,,,,,,,,
a19c8897-e123-4754-8605-fd392cbb4528,Catalogue of ships - Il. 2.txt,Ares,char-offset:1546,PERSON,,,,,,,,,,,
6b0bcdf9-3cd3-4bb3-a2e4-c3c8fab8c113,Catalogue of ships - Il. 2.txt,thirty ships,char-offset:1632,EVENT,,,,,,,,,,,
8ae63446-e959-4143-a22a-364d4047d7e3,Catalogue of ships - Il. 2.txt,Phocaeans,char-offset:1650,PLACE,http://pleiades.stoa.org/places/550823,"Phocaea|Phocaea/Phokaia, Foça, İzmir",-0750/0640,38.6684,26.75261,"settlement-modern,settlement",VERIFIED,Phocaeans,"Schedios, Epistrophos",40,
a219843f-0dc6-4e9b-be0d-ace8a928842a,Catalogue of ships - Il. 2.txt,Schedios,char-offset:1672,PERSON,,,,,,,,,,,
1bf7d51d-2b3d-446b-8ebc-2a21bcd7e234,Catalogue of ships - Il. 2.txt,Epistrophos,char-offset:1685,PERSON,,,,,,,,,,,
60389af3-d926-4beb-9dfb-eb7aac34d875,Catalogue of ships - Il. 2.txt,Iphitos,char-offset:1713,PERSON,,,,,,,,,,,
92d05cdb-a05e-49ed-8e76-fbf860f077aa,Catalogue of ships - Il. 2.txt,Naubolos,char-offset:1732,PERSON,,,,,,,,,,,
e5342cfe-f3a0-4321-bc26-22e16f7301ab,Catalogue of ships - Il. 2.txt,Cyparissus,char-offset:1768,PLACE,http://pleiades.stoa.org/places/570322,"Kainepolis|Kainepolis, Kyparissos",-0030/0300,36.460433,22.442714,settlement,VERIFIED,Phocaeans,"Schedios, Epistrophos",,
5c86d458-a7a9-429d-ad60-5d96f149567c,Catalogue of ships - Il. 2.txt,Pytho,char-offset:1786,PLACE,http://pleiades.stoa.org/places/540726,"Delphi|Delphi/Delphoi, Delphi",-0750/2100,38.482289,22.501169,"sanctuary,settlement",VERIFIED,Phocaeans,"Schedios, Epistrophos",,
c8b1d806-6941-493a-9ff5-d5a6a79057bc,Catalogue of ships - Il. 2.txt,Crisa,char-offset:1799,PLACE,http://pleiades.stoa.org/places/540889,"Krisa|Krisa, Chrisso",-0750/-0030,38.4753859,22.468944600000000,settlement,VERIFIED,Phocaeans,"Schedios, Epistrophos",,
ca1307d6-64ea-4a08-9a77-7900167f5593,Catalogue of ships - Il. 2.txt,Daulis,char-offset:1806,PLACE,http://pleiades.stoa.org/places/540723,"Daulis|Daulis/Daulia, Davlia",-0750/2100,38.50665,22.72926,settlement,VERIFIED,Phocaeans,"Schedios, Epistrophos",,
a9af3b8f-0379-4b2c-98b5-06de04318a8b,Catalogue of ships - Il. 2.txt,Panopeus,char-offset:1818,PLACE,http://pleiades.stoa.org/places/541008,"Panopeos/Phanotis|Panopeos/Phanotis, Ag. Vlasios",-0750/0300,38.49551,22.79418,settlement,VERIFIED,Phocaeans,"Schedios, Epistrophos",,
1a43f9b5-9b94-4654-943f-cfff012fe9ee,Catalogue of ships - Il. 2.txt,Anemorea,char-offset:1852,PLACE,http://pleiades.stoa.org/places/543626,Anemoreia/Anemoleia,,,,unlocated,VERIFIED,Phocaeans,"Schedios, Epistrophos",,
0b75596f-b513-4635-aa7c-f5c182a314b5,Catalogue of ships - Il. 2.txt,Hyampolis,char-offset:1865,PLACE,http://pleiades.stoa.org/places/540820,"Hyampolis|Hyampolis, Hyampolis",-0550/0300,38.596346,22.905228,settlement,VERIFIED,Phocaeans,"Schedios, Epistrophos",,
7dbbaad5-c89f-41d0-ab9e-afeeadc7e51d,Catalogue of ships - Il. 2.txt,Kephissos,char-offset:1910,PLACE,http://pleiades.stoa.org/places/540860,Kephissos (river),-0550/0300,38.85,24.56,river,VERIFIED,Phocaeans,"Schedios, Epistrophos",,
199e21fe-16b5-450c-a091-d4e11f122b01,Catalogue of ships - Il. 2.txt,Lilaea,char-offset:1925,PLACE,http://pleiades.stoa.org/places/540915,"Lilaia|Lilaia/Lilaion, Lilea",-0550/0300,38.62687,22.50592,settlement,VERIFIED,Phocaeans,"Schedios, Epistrophos",,
e6999697-cb17-4e81-bc76-f2f4472d134f,Catalogue of ships - Il. 2.txt,Kephissos,char-offset:1954,PLACE,http://pleiades.stoa.org/places/540860,Kephissos (river),-0550/0300,38.85,24.56,river,VERIFIED,Phocaeans,"Schedios, Epistrophos",,
1bdfc4ad-3da1-4466-86a0-9ffaf808e59a,Catalogue of ships - Il. 2.txt,forty ships,char-offset:1992,EVENT,,,,,,,,,,,
ff2ef73e-f37e-4074-9b18-73e7ffd41a9d,Catalogue of ships - Il. 2.txt,Phocaeans,char-offset:2043,PLACE,http://pleiades.stoa.org/places/550823,"Phocaea|Phocaea/Phokaia, Foça, İzmir",-0750/0640,38.6684,26.75261,"settlement-modern,settlement",VERIFIED,Phocaeans,"Schedios, Epistrophos",,
45de3f1b-2daa-4884-a1d7-ac42d0298ff9,Catalogue of ships - Il. 2.txt,Boeotians,char-offset:2087,PLACE,http://pleiades.stoa.org/places/540689,Boeotia,-0550/0300,38.34668803333330,23.184677533333300,region,VERIFIED,,,,
dcb5858e-a24e-46b6-9a4f-efec119d86aa,Catalogue of ships - Il. 2.txt,Ajax,char-offset:2113,PERSON,,,,,,,,,,,
a3b5f98d-21f6-4d10-854e-b67a9f16a57f,Catalogue of ships - Il. 2.txt,Oileus,char-offset:2136,PERSON,,,,,,,,,,,
c1f3b972-6d0a-4575-80eb-ea530b63820a,Catalogue of ships - Il. 2.txt,Locrians,char-offset:2158,PLACE,http://pleiades.stoa.org/places/540919,Locris Ozolia,,38.25,21.75,unknown,VERIFIED,Locrians,Ajax Oileus,40,
227aebe5-9cfc-4405-a984-6d09051fc5d5,Catalogue of ships - Il. 2.txt,Ajax,char-offset:2213,PERSON,,,,,,,,,,,
e5820e5a-3c1a-4d31-8b3e-bdb183ffe374,Catalogue of ships - Il. 2.txt,Telamon,char-offset:2229,PERSON,,,,,,,,,,,
1ff42ecb-107f-41bf-a930-ef86294fae7e,Catalogue of ships - Il. 2.txt,Cynus,char-offset:2385,PLACE,http://pleiades.stoa.org/places/540896,"Kynos|Kynos, Pyrgos/Livanates",-0750/0640,38.7234,23.0622,settlement,VERIFIED,Locrians,Ajax Oileus,,
c031dfa5-aa57-41f3-94b7-2b1ca064bebb,Catalogue of ships - Il. 2.txt,Opous,char-offset:2392,PLACE,http://pleiades.stoa.org/places/573414,Opous,,,,settlement,VERIFIED,Locrians,Ajax Oileus,,
0920faae-9969-44ed-b401-5407b8722a43,Catalogue of ships - Il. 2.txt,Calliarus,char-offset:2399,PLACE,http://pleiades.stoa.org/places/540847,"Kalliaros|Kalliaros, Skala Atalandis?",-0550/-0030,38.673354,23.063388,settlement,VERIFIED,Locrians,Ajax Oileus,,
fe6103eb-39b6-470d-a7aa-d464e97185df,Catalogue of ships - Il. 2.txt,Bessa,char-offset:2410,PLACE,http://pleiades.stoa.org/places/543653,Bessa,-0330/0300,,,settlement,VERIFIED,Locrians,Ajax Oileus,,
b85b3a8b-954d-405f-a1c1-0b267ad48ae7,Catalogue of ships - Il. 2.txt,Scarphe,char-offset:2417,PLACE,http://pleiades.stoa.org/places/541103,"Skarpheia|Skarpheia, Skarfia",-0750/0640,38.81072,22.68341970000010,settlement,VERIFIED,Locrians,Ajax Oileus,,
d1e3dc83-ef06-4726-8a06-95566d7def65,Catalogue of ships - Il. 2.txt,Augeae,char-offset:2431,PLACE,http://pleiades.stoa.org/places/543648,Augeiai,-0330/0300,,,unlocated,VERIFIED,Locrians,Ajax Oileus,,
c9fc1eff-b373-4c2d-b49e-876f06fd31af,Catalogue of ships - Il. 2.txt,Tarphe,char-offset:2439,PLACE,http://pleiades.stoa.org/places/540958,"Naryka/Tarphe?|Naryka/Tarphe?, Pharygae/Rhengini",-0750/0640,38.717051,22.728224,settlement,VERIFIED,Locrians,Ajax Oileus,,
637e14ef-469e-45e3-a7ec-a690e8961b4e,Catalogue of ships - Il. 2.txt,Thronium,char-offset:2451,PLACE,http://dare.ht.lu.se/places/45283,"Thronion, Untitled",,38.499703,22.823538,,VERIFIED,Locrians,Ajax Oileus,,
ee52365c-a882-48aa-b395-cee5b0342365,Catalogue of ships - Il. 2.txt,Boagrios,char-offset:2476,PLACE,,,,,,,NOT_IDENTIFIABLE,Locrians,Ajax Oileus,,
bb2fc628-205a-4b8a-bf5e-688f3b782b41,Catalogue of ships - Il. 2.txt,forty ships,char-offset:2506,EVENT,,,,,,,,,,,
fa01387b-c5be-4038-bf7e-e7e17155ad7e,Catalogue of ships - Il. 2.txt,Locrians,char-offset:2526,PLACE,http://pleiades.stoa.org/places/540919,Locris Ozolia,,38.25,21.75,unknown,VERIFIED,,,,
9bdea9fb-fcb8-47b3-b895-946485a89f9e,Catalogue of ships - Il. 2.txt,Euboea,char-offset:2552,PLACE,http://pleiades.stoa.org/places/540775,"Euboea (island)|Euboea Ins./Euboia, Euboia",-0550/-0330,38.53,23.87,island,VERIFIED,Abantes,Elphenor,,
6e34f5ee-1077-4312-bc7d-92234c854050,Catalogue of ships - Il. 2.txt,Abantes,char-offset:2571,PLACE,http://pleiades.stoa.org/places/540583,Abantes,-0750/-0550,38.75,23.75,unknown,VERIFIED,Abantes,Elphenor,50,
e730b7c0-d9cc-4bb8-bf01-a8c2dfa44a85,Catalogue of ships - Il. 2.txt,Euboea,char-offset:2584,PLACE,http://pleiades.stoa.org/places/540775,"Euboea (island)|Euboea Ins./Euboia, Euboia",-0550/-0330,38.53,23.87,island,VERIFIED,Abantes,Elphenor,,
80e0d238-a8dc-4c2d-af6e-62b3ef2a4b09,Catalogue of ships - Il. 2.txt,Khalkis,char-offset:2608,PLACE,http://pleiades.stoa.org/places/530827,"Chalkis|Chalkis, Khaliki?",-0550/-0030,39.680546,21.208974,settlement,VERIFIED,Abantes,Elphenor,,
ec38eac5-c7a6-4788-9331-b075b595c4b0,Catalogue of ships - Il. 2.txt,Eretria,char-offset:2617,PLACE,http://pleiades.stoa.org/places/579925,"Eretria|Eretria|Eretria, Eretria/Tsangli|Eretria, Eretria",-0750/0640,39.290562,22.607216,"settlement,temple-2",VERIFIED,Abantes,Elphenor,,
db7c2225-f626-4118-be6e-f2a9bdc32e6b,Catalogue of ships - Il. 2.txt,Histiaea,char-offset:2626,PLACE,http://pleiades.stoa.org/places/540817,"Histiaia/Hestiaia|Oreos|Oreos, Neos Pyrgos|Histiaia/Hestiaia/Oreos, Kastro/Oreoi",-0750/0640,38.93759,23.06593,settlement,VERIFIED,Abantes,Elphenor,,
96c427ef-9ffc-4f64-a6a3-9a688ff3a530,Catalogue of ships - Il. 2.txt,Cerinthus,char-offset:2650,PLACE,http://pleiades.stoa.org/places/540861,"Kerinthos|Kerinthos, Kria Vrisi, Ag. Ilias",-0750/0300,38.825075,23.48282,settlement,VERIFIED,Abantes,Elphenor,,
fa6c4693-87f2-44d3-93bf-86ceae804105,Catalogue of ships - Il. 2.txt,Dion,char-offset:2703,PLACE,http://pleiades.stoa.org/places/491572,"Dion|Dion, Dion",-0750/0640,40.177012,22.491299,"theatre,sanctuary,settlement",VERIFIED,Abantes,Elphenor,,
31a32ec4-6cb9-413a-bf5d-7b2e4d8894af,Catalogue of ships - Il. 2.txt,Karystos,char-offset:2740,PLACE,http://pleiades.stoa.org/places/570336,"Karystos|Karystos, Karystos",-0750/0300,38.0165,24.4204,settlement,VERIFIED,Abantes,Elphenor,,
1e0a81a6-7654-45ce-98f2-c850d68d882e,Catalogue of ships - Il. 2.txt,Styra,char-offset:2753,PLACE,http://pleiades.stoa.org/places/541117,"Styra|Styra, Styra",-0750/-0030,38.1455,24.2607,"settlement,port",VERIFIED,Abantes,Elphenor,,
22eed7be-e29a-484a-9a6d-f1e87ef8cc9f,Catalogue of ships - Il. 2.txt,Elephenor,char-offset:2761,PERSON,,,,,,,,,,,
0f737746-fc3d-4d6b-8612-caf4f77b01d0,Catalogue of ships - Il. 2.txt,Ares,char-offset:2786,PERSON,,,,,,,,,,,
464b3c68-ada9-4444-93b3-3614d1f4d2c5,Catalogue of ships - Il. 2.txt,Khalkodon,char-offset:2830,PERSON,,,,,,,,,,,
86243d5c-2535-4229-8211-c2e1f23468d8,Catalogue of ships - Il. 2.txt,Abantes,char-offset:2864,PLACE,http://pleiades.stoa.org/places/540583,Abantes,-0750/-0550,38.75,23.75,unknown,VERIFIED,Abantes,Elphenor,,
e7cb5b8c-7a9c-46c6-afd9-62c617b5565c,Catalogue of ships - Il. 2.txt,fifty ships,char-offset:3073,EVENT,,,,,,,,,,,
02e448ff-4131-43f8-8b26-15aa5a765707,Catalogue of ships - Il. 2.txt,Athens,char-offset:3124,PLACE,http://pleiades.stoa.org/places/579885,"Athenae|Athenae, Athína",-0750/2100,37.971687,23.726464,settlement,VERIFIED,Athenians,Menestheus,,
d81b391e-b008-4724-b755-c5e3a39051a7,Catalogue of ships - Il. 2.txt,Erechtheus,char-offset:3151,PERSON,,,,,,,,,,,
28512806-e21d-409c-a580-f44d78443a64,Catalogue of ships - Il. 2.txt,Zeus,char-offset:3200,PERSON,,,,,,,,,,,
a41b51bf-e53e-4a7e-82e5-1d37f8b70d1f,Catalogue of ships - Il. 2.txt,Athena,char-offset:3216,PERSON,,,,,,,,,,,
c374e8cb-808a-4e33-b3f0-c38bb090fb94,Catalogue of ships - Il. 2.txt,Athens,char-offset:3261,PLACE,http://pleiades.stoa.org/places/579885,"Athenae|Athenae, Athína",-0750/2100,37.971687,23.726464,settlement,VERIFIED,,,,
b162b3e3-411e-41f8-99a9-822ed48abcfd,Catalogue of ships - Il. 2.txt,Athenian,char-offset:3320,PERSON,,,,,,,,,,,
eb120fbb-153f-4821-aa86-3aa4c19de124,Catalogue of ships - Il. 2.txt,Menestheus,char-offset:3408,PERSON,,,,,,,,,,,
b99c340e-b11d-47d8-9e90-c7ab2d4f72c3,Catalogue of ships - Il. 2.txt,Peteos,char-offset:3427,PERSON,,,,,,,,,,,
59babd33-a645-46a8-849c-d5a02a215322,Catalogue of ships - Il. 2.txt,Nestor,char-offset:3515,PERSON,,,,,,,,,,,
4236bbcc-af3a-4be5-8997-a2247333ba5b,Catalogue of ships - Il. 2.txt,fifty ships,char-offset:3583,EVENT,,,,,,,,,,,
9c558a90-6681-4b8a-b1f1-b2fa29c33742,Catalogue of ships - Il. 2.txt,Ajax,char-offset:3596,PERSON,,,,,,,,,,,
7dd6e48a-6661-456e-ab3b-c624980db6f2,Catalogue of ships - Il. 2.txt,twelve ships,char-offset:3609,EVENT,,,,,,,,,,,
53a0d2c4-f8cf-4291-b797-6f115dfadbbf,Catalogue of ships - Il. 2.txt,Salamis,char-offset:3627,PLACE,http://pleiades.stoa.org/places/580100,"Salamis|Salamis, Salamis",-0550/0300,37.947768,23.5314735,settlement,VERIFIED,,Ajax,12,
2485660d-3f3a-4cf9-bc26-1fe021117700,Catalogue of ships - Il. 2.txt,Athenians,char-offset:3678,PLACE,http://pleiades.stoa.org/places/579885,"Athenae|Athenae, Athína",-0750/2100,37.971687,23.726464,settlement,VERIFIED,,,,
5f926451-9672-44cf-ac80-c3a2a1a7bd23,Catalogue of ships - Il. 2.txt,Argos,char-offset:3700,PLACE,http://pleiades.stoa.org/places/570106,"Argos|Argos, Argos",-0750/0300,37.631561,22.719464,settlement,VERIFIED,Argolis,"Diomedes, Sthenelos, Euryalos",80,
50c61852-326e-4f79-92e3-5fdae3cd813f,Catalogue of ships - Il. 2.txt,Tiryns,char-offset:3746,PLACE,http://pleiades.stoa.org/places/570740,"Tiryns|Tiryns, Tirynthos",-0750/-0030,37.59918,22.80004,settlement,VERIFIED,Argolis,"Diomedes, Sthenelos, Euryalos",,
9a957c44-051c-49b3-ae0c-ca074beb905d,Catalogue of ships - Il. 2.txt,Hermione,char-offset:3760,PLACE,http://pleiades.stoa.org/places/570292,"Hermion(e)|Hermione/Hermion, Ermione",-0750/0300,37.385218,23.243591,"settlement,port",VERIFIED,Argolis,"Diomedes, Sthenelos, Euryalos",,
a97cb294-2ec6-4a0f-96b7-34094a9033e0,Catalogue of ships - Il. 2.txt,Asine,char-offset:3774,PLACE,http://pleiades.stoa.org/places/570124,"Asine|Asine, Tolon/Asine",-0750/0300,37.52659,22.87403,settlement,VERIFIED,Argolis,"Diomedes, Sthenelos, Euryalos",,
83fcc8c9-52f8-41eb-b256-6046a7bfcd7b,Catalogue of ships - Il. 2.txt,the gulf,char-offset:3785,PLACE,http://pleiades.stoa.org/places/540929,Maliacus Sinus,,38.8678937,22.6337672,water-open,VERIFIED,Argolis,"Diomedes, Sthenelos, Euryalos",,
1329c921-46c7-46d6-8a1e-27f64682b1fb,Catalogue of ships - Il. 2.txt,Trozen,char-offset:3795,PLACE,http://pleiades.stoa.org/places/570756,"Troizen|Troizen, Damala",-0750/0300,37.50303,23.34845,settlement,VERIFIED,Argolis,"Diomedes, Sthenelos, Euryalos",,
b83b8324-b0e4-49b6-b5a7-fba090e31a8a,Catalogue of ships - Il. 2.txt,Eionae,char-offset:3803,PLACE,,,,,,,UNVERIFIED,Argolis,"Diomedes, Sthenelos, Euryalos",,
4ab02017-b0aa-4714-a239-506698a4fa22,Catalogue of ships - Il. 2.txt,Epidaurus,char-offset:3837,PLACE,http://pleiades.stoa.org/places/570228,"Epidauros|The Sanctuary of Asklepios at Epidauros|Asklepieion, Asklipieio|Epidauros, Palaia Epidauros",-0750/0300,37.596111,23.079167,"theatre,sanctuary,settlement",VERIFIED,Argolis,"Diomedes, Sthenelos, Euryalos",,
147151ab-5f05-49c0-a5c1-ca7ef2915ec3,Catalogue of ships - Il. 2.txt,Aegina,char-offset:3892,PLACE,http://pleiades.stoa.org/places/579844,"Temple of Aphaia on Aegina|Aigina|Aigina, Aigina|Aphaia, Temple of Aphaea|Aegina (island)|Aegina Ins., Aegina",-0750/2100,37.74991,23.42372,"island,settlement,temple-2",VERIFIED,Argolis,"Diomedes, Sthenelos, Euryalos",,
99dc183f-7a26-4d7c-b9c8-b5d73b84eb1b,Catalogue of ships - Il. 2.txt,Mases,char-offset:3903,PLACE,http://pleiades.stoa.org/places/570463,"Mases|Mases, Koilada?",-0750/-0330,37.417868,23.142191,settlement,VERIFIED,Argolis,"Diomedes, Sthenelos, Euryalos",,
4fdfc9be-bab7-49f5-9486-e1d66e370283,Catalogue of ships - Il. 2.txt,Diomedes,char-offset:3928,PERSON,,,,,,,,,,,
c48f75ac-cf30-4d50-af20-108ab9337795,Catalogue of ships - Il. 2.txt,Sthenelos,char-offset:3965,PERSON,,,,,,,,,,,
a0b09a9a-c1a2-4a54-b6f0-ae55d49e330c,Catalogue of ships - Il. 2.txt,Kapaneus,char-offset:3988,PERSON,,,,,,,,,,,
fab1603d-b1d0-4cc1-87cf-26d7917b969d,Catalogue of ships - Il. 2.txt,Euryalos,char-offset:4024,PERSON,,,,,,,,,,,
33e2aba7-06be-410a-b00a-5d55af22cdd5,Catalogue of ships - Il. 2.txt,Mekisteus,char-offset:4046,PERSON,,,,,,,,,,,
eb9f8c78-9a82-43a7-b995-76672dcd8fda,Catalogue of ships - Il. 2.txt,Talaos,char-offset:4064,PERSON,,,,,,,,,,,
d8ee768d-a50f-4dfe-863f-8dc908982156,Catalogue of ships - Il. 2.txt,Diomedes,char-offset:4076,PERSON,,,,,,,,,,,
c3f5388b-244d-4246-86d6-5c3aa11be15b,Catalogue of ships - Il. 2.txt,eighty ships,char-offset:4132,EVENT,,,,,,,,,,,
8ed748d8-d971-41ea-b5c4-ab135b782299,Catalogue of ships - Il. 2.txt,Mycenae,char-offset:4180,PLACE,http://pleiades.stoa.org/places/570491,"Mycenae|Mycenae, Mycenae",-0750/0300,37.730833,22.756111,"settlement,tomb",VERIFIED,Mycenaeans,Agamemnon,100,
9d6fa3b1-6230-4c28-8960-7c175bba5b86,Catalogue of ships - Il. 2.txt,Corinth,char-offset:4195,PLACE,http://pleiades.stoa.org/places/570182,"Akrokorinthos|Corinthus/Korinthos|Corinthus/Korinthos, Korinthos|Akrokorinthos, Akrokorinthos",-0750/2100,37.906045,22.878721,"sanctuary,settlement,fort",VERIFIED,Mycenaeans,Agamemnon,,
4311cd0c-828b-46f1-93d6-c8ac7a33a88c,Catalogue of ships - Il. 2.txt,Cleonae,char-offset:4207,PLACE,http://pleiades.stoa.org/places/570361,"Kleonai|Kleonai/Cleonae, Ag. Vasileios/Kleonai",-0750/0300,37.81708,22.75372,settlement,VERIFIED,Mycenaeans,Agamemnon,,
66e762c0-ed3a-42ec-a8ed-00c039a437c6,Catalogue of ships - Il. 2.txt,Orneae,char-offset:4216,PLACE,http://pleiades.stoa.org/places/570537,"Orneai|Orneai, Lyrkeia",-0550/-0030,37.713973,22.557292,settlement,VERIFIED,Mycenaeans,Agamemnon,,
a1697e4c-f2d6-4d04-88ef-ae441412bc95,Catalogue of ships - Il. 2.txt,Araethyrea,char-offset:4224,PLACE,http://pleiades.stoa.org/places/573109,Araithyrea/Phliasion,,,,unlocated,VERIFIED,Mycenaeans,Agamemnon,,
53b3557c-7d19-49aa-8066-5f40951f7504,Catalogue of ships - Il. 2.txt,Licyon,char-offset:4240,PLACE,http://pleiades.stoa.org/places/570668,"Sicyon/Demetrias|Sicyon, Vasiliko",-0750/0300,37.98336,22.71135,settlement,VERIFIED,Mycenaeans,Agamemnon,,
5a4ed9ac-5b8f-4573-b660-2310a5ba7847,Catalogue of ships - Il. 2.txt,Adrastos,char-offset:4254,PERSON,,,,,,,,,,,
f85f9d6c-adc7-43f4-a797-a813464ec2e9,Catalogue of ships - Il. 2.txt,Hyperesia,char-offset:4279,PLACE,http://pleiades.stoa.org/places/573256,Hyperasia,,,,unlocated,VERIFIED,Mycenaeans,Agamemnon,,
c759b358-bd87-4526-8c54-bed917f6b76c,Catalogue of ships - Il. 2.txt,Gonoessa,char-offset:4295,PLACE,http://pleiades.stoa.org/places/573235,Gonoussa,,,,"unlocated,settlement",VERIFIED,Mycenaeans,Agamemnon,,
16df7e5b-e13a-42bc-89e1-51b479ec1666,Catalogue of ships - Il. 2.txt,Pellene,char-offset:4309,PLACE,http://pleiades.stoa.org/places/570576,"Pellene|Pellene/Pellana, Pellene",-0750/0300,38.0446,22.5384,settlement,VERIFIED,Mycenaeans,Agamemnon,,
7c945c51-f85a-4cc4-970f-6120b61fe379,Catalogue of ships - Il. 2.txt,Aegium,char-offset:4318,PLACE,http://sws.geonames.org/265500,Aígio,,38.24861,22.08194,,VERIFIED,Mycenaeans,Agamemnon,,
92fdc024-36ff-4613-a31c-03480bf63f5b,Catalogue of ships - Il. 2.txt,Helike,char-offset:4361,PLACE,http://pleiades.stoa.org/places/570281,"Helike|Helike, E Aigion",-0750/-0330,38.22257,22.14015,settlement,VERIFIED,Mycenaeans,Agamemnon,,
4da21061-0fdc-4cb3-abed-e2b4a9fdda04,Catalogue of ships - Il. 2.txt,a hundred ships,char-offset:4380,EVENT,,,,,,,,,,,
c7a3b42f-e8a4-442f-9f1a-e659deeafc90,Catalogue of ships - Il. 2.txt,Agamemnon,char-offset:4422,PERSON,,,,,,,,,,,
0ac6e4a5-6c2a-4609-a3f7-3042cab723c9,Catalogue of ships - Il. 2.txt,Atreus,char-offset:4440,PERSON,,,,,,,,,,,
08fa7051-4161-4d23-97b7-cdc8c4f78e78,Catalogue of ships - Il. 2.txt,Lacedaemon,char-offset:4695,PLACE,http://pleiades.stoa.org/places/570406,Lacedaemon/Laconia,-0750/0300,37.07624042080910,22.46082645177670,region,VERIFIED,Laconians,Menelaos,,
d88b5c88-1830-452b-8cba-055ab3b97fdf,Catalogue of ships - Il. 2.txt,Pharis,char-offset:4734,PLACE,http://pleiades.stoa.org/places/570591,"Pharis|Pharis, Vapheio/Ag. Vasilios?",-0750/0300,37.029321,22.2805645,settlement,VERIFIED,Laconians,Menelaos,,
84597160-ed59-41b1-90b8-f42e65155fc6,Catalogue of ships - Il. 2.txt,Sparta,char-offset:4742,PLACE,http://pleiades.stoa.org/places/570685,"Sparta|Sparta/Sparte, Sparti",-0750/0300,37.08149,22.42454,"theatre,temple,settlement,temple-2",VERIFIED,Laconians,Menelaos,,
95aa911b-7cbf-4177-b660-a8badbcf85f8,Catalogue of ships - Il. 2.txt,Messe,char-offset:4755,PLACE,http://pleiades.stoa.org/places/570478,"Messa|Messa, Cape Tigani",-0750/0300,36.531845,22.38113,settlement,VERIFIED,Laconians,Menelaos,,
96fd30c1-fad5-49e2-b890-3b00b8f626bc,Catalogue of ships - Il. 2.txt,Bryseae,char-offset:4781,PLACE,http://pleiades.stoa.org/places/573156,Bryseai/Byseai,,,,settlement,VERIFIED,Laconians,Menelaos,,
71ff9517-2196-446a-b294-9b21b815c9dd,Catalogue of ships - Il. 2.txt,Augeae,char-offset:4790,PLACE,http://pleiades.stoa.org/places/658368,"Aigai(ai)/Aegeae|Aigaiai/Aigai/Aegeae, Yumurtalık",-0330/0640,36.769676,35.789487,"settlement,port",VERIFIED,Laconians,Menelaos,,
a2272d42-f486-4e0c-beb0-20b66292e1ed,Catalogue of ships - Il. 2.txt,Amyclae,char-offset:4798,PLACE,http://pleiades.stoa.org/places/438675,Amyclae,-0330/0300,,,unlocated,VERIFIED,Laconians,Menelaos,,
ae35c035-efbd-4c95-afed-458f500590a7,Catalogue of ships - Il. 2.txt,Helos,char-offset:4811,PLACE,http://pleiades.stoa.org/places/550568,"Helos|Helos, Denizgiren?",-0550/-0330,38.574035,26.361312,settlement,VERIFIED,Laconians,Menelaos,,
dbcacb00-8e3f-476e-a5ab-d270bda5b8df,Catalogue of ships - Il. 2.txt,Laas,char-offset:4832,PLACE,,,,,,,NOT_IDENTIFIABLE,Laconians,Menelaos,,
161e7128-6b20-4784-b830-e0e4911aa888,Catalogue of ships - Il. 2.txt,Oetylus,char-offset:4852,PLACE,http://pleiades.stoa.org/places/570527,"Oitylos|Oitylos, Oitylos",-0750/0300,36.705058,22.3848,settlement,VERIFIED,Laconians,Menelaos,,
cf536219-cb79-41f0-9136-9cc316f15978,Catalogue of ships - Il. 2.txt,Menelaos,char-offset:4879,PERSON,,,,,,,,,,,
979bfa55-ed0b-4996-a49e-dd4e083bcb09,Catalogue of ships - Il. 2.txt,Agamemnon,char-offset:4923,PERSON,,,,,,,,,,,
78731ee1-1159-491f-918c-3f0cf5b7f368,Catalogue of ships - Il. 2.txt,Menelaos,char-offset:5018,PERSON,,,,,,,,,,,
9ae563d7-ea39-422e-a3de-ff8dff5469c1,Catalogue of ships - Il. 2.txt,Helen,char-offset:5159,PERSON,,,,,,,,,,,
181e1649-dbb1-4c93-b0ae-5b8fe316948f,Catalogue of ships - Il. 2.txt,Pylos,char-offset:5177,PLACE,http://pleiades.stoa.org/places/570639,"Pylos|Pylos, Armatova/Agrapidochori",-0750/0300,37.899734,21.518025,settlement,VERIFIED,Pylos,Nestor,90,
51361770-57ac-415d-af40-1f0cf7e3d1cd,Catalogue of ships - Il. 2.txt,Arene,char-offset:5187,PLACE,http://pleiades.stoa.org/places/573114,Arene/Arena,,,,settlement,VERIFIED,Pylos,Nestor,,
799780e0-a35f-4ef9-956f-9457f0f9e885,Catalogue of ships - Il. 2.txt,Thryum,char-offset:5198,PLACE,http://pleiades.stoa.org/places/570231,"Epitalion|Epitalion, Epitalio",-0550/0300,37.63092,21.48464,settlement,VERIFIED,Pylos,Nestor,,
3babd022-f0a1-44d4-8d3d-c57dfc45d43c,Catalogue of ships - Il. 2.txt,Alpheus,char-offset:5236,PLACE,http://pleiades.stoa.org/places/570067,Alphe(i)os (river),-0030/0300,37.6125,21.451667,river,VERIFIED,Pylos,Nestor,,
3c94f2fa-ad9a-40ab-b15d-81e8c0b9d755,Catalogue of ships - Il. 2.txt,Aipy,char-offset:5252,PLACE,,,,,,,UNVERIFIED,Pylos,Nestor,,
df9c7392-b5be-485e-b1b7-0d06ba387f6f,Catalogue of ships - Il. 2.txt,Cyparisseis,char-offset:5258,PLACE,http://pleiades.stoa.org/places/570185,Cyparissius Sinus,,37.3853097,21.6919123,water-open,VERIFIED,Pylos,Nestor,,
a0a61010-1112-4cd9-9f9c-590d47e315a6,Catalogue of ships - Il. 2.txt,Amphigenea,char-offset:5275,PLACE,http://pleiades.stoa.org/places/573083,Amphigeneia,,,,settlement,VERIFIED,Pylos,Nestor,,
f8030018-7a93-4484-a32b-c6f909f72d0c,Catalogue of ships - Il. 2.txt,Pteleum,char-offset:5287,PLACE,http://pleiades.stoa.org/places/541077,"Pteleon|Pteleon, Ftelio",-0750/0640,39.03369,22.97464,settlement,VERIFIED,Pylos,Nestor,,
87af158f-277c-422c-b9c9-b1c60244e217,Catalogue of ships - Il. 2.txt,Helos,char-offset:5296,PLACE,http://pleiades.stoa.org/places/550568,"Helos|Helos, Denizgiren?",-0550/-0330,38.574035,26.361312,settlement,VERIFIED,Pylos,Nestor,,
c3ce465d-0bc6-407b-aa35-f29892e006b6,Catalogue of ships - Il. 2.txt,Dorium,char-offset:5307,PLACE,http://pleiades.stoa.org/places/570202,"Dorion|Dorion, Malthi",-0750/-0550,37.26708,21.88255,settlement,VERIFIED,Pylos,Nestor,,
ea0852fe-587f-4141-85cf-80dbc992ffd1,Catalogue of ships - Il. 2.txt,Thamyris,char-offset:5336,PERSON,,,,,,,,,,,
b1b08b7a-9240-4790-8f36-3449c7bda2b0,Catalogue of ships - Il. 2.txt,Oechalia,char-offset:5405,PLACE,http://pleiades.stoa.org/places/540971,"Oichalia?|Oichalia?, Kastri/Ano Potamia",-0550/0300,38.602679,24.099827,settlement,VERIFIED,,,,
5869496c-b15f-4349-b369-e5a1c69083df,Catalogue of ships - Il. 2.txt,Eurytos,char-offset:5421,PERSON,,,,,,,,,,,
98961338-86aa-4a3a-8e26-83593b5426d2,Catalogue of ships - Il. 2.txt,Zeus,char-offset:5525,PERSON,,,,,,,,,,,
292f62f7-0a7f-4fe5-b508-f5fb866497f3,Catalogue of ships - Il. 2.txt,Nestor,char-offset:5725,PERSON,,,,,,,,,,,
4d1b2c03-1fd6-4df0-9ab9-2c020622e927,Catalogue of ships - Il. 2.txt,Gerene,char-offset:5745,PLACE,,,,,,,UNVERIFIED,,,,
5f83fcc8-040f-4562-ad81-cba88c3f4679,Catalogue of ships - Il. 2.txt,ninety ships,char-offset:5777,EVENT,,,,,,,,,,,
f858a066-fb1c-481d-9481-02576d6b1400,Catalogue of ships - Il. 2.txt,Arcadia,char-offset:5811,PLACE,http://pleiades.stoa.org/places/570102,Arcadia,-0750/0300,37.567419268449600,22.165323097346300,region,VERIFIED,Arcadians,Agapenor,60,
0bb6ac8b-3422-44ff-a8ee-0d2f3b22d95d,Catalogue of ships - Il. 2.txt,Cyllene,char-offset:5847,PLACE,http://pleiades.stoa.org/places/570391,"Kyllene (mountain)|Kyllene Mons, Kyllene",,37.9391027,22.3957984,mountain,VERIFIED,Arcadians,Agapenor,,
537755e2-ae34-45e5-8b65-442ffb3de26b,Catalogue of ships - Il. 2.txt,Aipytos,char-offset:5873,PERSON,,,,,,,,,,,
06c1304f-5afa-40a4-a3af-2134baf07d8c,Catalogue of ships - Il. 2.txt,Pheneus,char-offset:5931,PLACE,,,,,,,UNVERIFIED,Arcadians,Agapenor,,
67a4614c-63c6-405b-b130-9dac153675f0,Catalogue of ships - Il. 2.txt,Orkhomenos,char-offset:5949,PLACE,http://pleiades.stoa.org/places/540987,"Orchomenos/Orchomenus|Orchomenos, Orchomenos",-0750/0640,38.495082,22.959486,settlement,VERIFIED,Arcadians,Agapenor,,
868b8aa0-30c5-4f61-99b9-6dfb7ec887c9,Catalogue of ships - Il. 2.txt,Rhipae,char-offset:5979,PLACE,http://pleiades.stoa.org/places/573502,Rhipe/Rhype,-0030/0300,,,island,VERIFIED,Arcadians,Agapenor,,
c80c7c1c-b758-46d1-b441-4c54e3657b52,Catalogue of ships - Il. 2.txt,Stratie,char-offset:5987,PLACE,http://pleiades.stoa.org/places/573535,Stratie (island),,,,"island,unlocated",VERIFIED,Arcadians,Agapenor,,
9a66cea4-9ba5-4bb0-8e43-52fe56ebd6a3,Catalogue of ships - Il. 2.txt,Enispe,char-offset:6006,PLACE,http://pleiades.stoa.org/places/573204,Enispe,,,,island,VERIFIED,Arcadians,Agapenor,,
47864ae9-4f68-45eb-9396-aef9d2b466ae,Catalogue of ships - Il. 2.txt,Tegea,char-offset:6017,PLACE,http://pleiades.stoa.org/places/570707,"Tegea|Tegea, Piali/Episkopi",-0750/0300,37.464,22.429,"theatre,church,settlement",VERIFIED,Arcadians,Agapenor,,
b7d3d019-4681-4fcf-ba6d-7fd235988b0a,Catalogue of ships - Il. 2.txt,Mantinea,char-offset:6032,PLACE,http://pleiades.stoa.org/places/570459,"Mantineia/Antigoneia|Mantineia/Antigoneia, Mantineia",-0750/0300,37.618138,22.393259,settlement,VERIFIED,Arcadians,Agapenor,,
f437d852-5a86-400c-9205-d55e7590f57f,Catalogue of ships - Il. 2.txt,Stymphelus,char-offset:6045,PLACE,http://pleiades.stoa.org/places/570696,"Stymphalos|Stymphalos/Stymphelos, Stymphalia",-0750/0300,37.85932,22.45931,"theatre,settlement",VERIFIED,Arcadians,Agapenor,,
b9d6cad8-8a6a-45df-a6b2-eb4f75378e90,Catalogue of ships - Il. 2.txt,Parrhasia,char-offset:6060,PLACE,http://pleiades.stoa.org/places/570564,Parrasia,-0550/-0330,37.25,22.25,unknown,VERIFIED,Arcadians,Agapenor,,
8315c734-e6a6-4c2c-a21c-40f091909aeb,Catalogue of ships - Il. 2.txt,Agapenor,char-offset:6085,PERSON,,,,,,,,,,,
6d99a532-385c-4020-8250-c7031c96980d,Catalogue of ships - Il. 2.txt,Ankaios,char-offset:6101,PERSON,,,,,,,,,,,
876bf944-5269-46cd-963d-73bf8c05afb0,Catalogue of ships - Il. 2.txt,sixty ships,char-offset:6138,EVENT,,,,,,,,,,,
7b8f1de6-32ce-40a1-83c6-43c1d89ceb9b,Catalogue of ships - Il. 2.txt,Arcadians,char-offset:6156,PLACE,http://pleiades.stoa.org/places/570102,Arcadia,-0750/0300,37.567419268449600,22.165323097346300,region,VERIFIED,,,,
546f3c12-73fc-4491-bc77-f1b2312812fc,Catalogue of ships - Il. 2.txt,Agamemnon,char-offset:6212,PERSON,,,,,,,,,,,
febc20e9-7df5-479d-a8a8-2c69356158d2,Catalogue of ships - Il. 2.txt,the sea,char-offset:6261,PLACE,http://pleiades.stoa.org/places/1224,Pontus Euxinus,-0750/2100,43.0786852,34.7425505,water-open,VERIFIED,,,,
161548ef-c9db-421a-9486-faf619b10079,Catalogue of ships - Il. 2.txt,Bouprasion,char-offset:6375,PLACE,http://pleiades.stoa.org/places/573157,Buprasion,-0030/0300,,,"unlocated,settlement",VERIFIED,,"Amphimakhos, Thalpios, Diores, Polyxenos",,
9c173928-e1c4-4a60-88e6-88326dc0efa1,Catalogue of ships - Il. 2.txt,Elis,char-offset:6393,PLACE,http://pleiades.stoa.org/places/570221,Elis,-0550/0300,37.75,21.25,region,VERIFIED,Elis,"Amphimakhos, Thalpios, Diores, Polyxenos",10,
013b3b80-6913-487f-a1eb-792d19ca072c,Catalogue of ships - Il. 2.txt,Hyrmine,char-offset:6436,PLACE,http://pleiades.stoa.org/places/570305,"Hyrmine|Hyrmine, Chlemoutsi",-0750/-0030,37.886492,21.135668,settlement,VERIFIED,Elis,"Amphimakhos, Thalpios, Diores, Polyxenos",,
844b4dde-6cb7-4e81-9645-bde1045c1d00,Catalogue of ships - Il. 2.txt,Myrsinus,char-offset:6445,PLACE,http://pleiades.stoa.org/places/501520,"Myrkinos|Myrkinos, Myrkinos",-0750/0300,40.901252,23.819776,settlement,VERIFIED,Elis,"Amphimakhos, Thalpios, Diores, Polyxenos",,
846fcd6d-9389-4e9a-abd2-ba72fbd559e2,Catalogue of ships - Il. 2.txt,Olene,char-offset:6483,PLACE,http://pleiades.stoa.org/places/863848,"(M)Otene|Motene/Otene, AZE",-0330/0640,40.262289,44.315416,settlement,VERIFIED,Elis,"Amphimakhos, Thalpios, Diores, Polyxenos",,
9135b351-0670-4438-83e9-8d9c800c37d0,Catalogue of ships - Il. 2.txt,Alesium,char-offset:6493,PLACE,http://pleiades.stoa.org/places/570064,"Alesion M.|Alesion Mons, Mantineia",,37.65988,22.43409,mountain,VERIFIED,Elis,"Amphimakhos, Thalpios, Diores, Polyxenos",,
f9a88a7d-57b9-4da5-8f22-a07b7ec76cbf,Catalogue of ships - Il. 2.txt,four leaders,char-offset:6512,PERSON,,,,,,,,,,,
a5e3ae9f-6603-4d78-ac68-93a220fc521e,Catalogue of ships - Il. 2.txt,ten ships,char-offset:6547,EVENT,,,,,,,,,,,
66380fe7-0b86-429d-93ea-2ab36e8bad23,Catalogue of ships - Il. 2.txt,Epeans,char-offset:6568,PLACE,http://pleiades.stoa.org/places/570220,"Elis|Elis, Elis",-0750/0300,37.89131,21.37493,"theatre,settlement",VERIFIED,Elis,"Amphimakhos, Thalpios, Diores, Polyxenos",,
a195c177-32cc-4f19-b321-72243eb2d272,Catalogue of ships - Il. 2.txt,Amphimakhos,char-offset:6605,PERSON,,,,,,,,,,,
76040852-fc0f-4b6e-ae32-2cc43bc6d800,Catalogue of ships - Il. 2.txt,Thalpios,char-offset:6621,PERSON,,,,,,,,,,,
22ea67f7-bf96-4205-ab51-7166d756116b,Catalogue of ships - Il. 2.txt,Kteatos,char-offset:6648,PERSON,,,,,,,,,,,
241e55c7-1c75-4001-8f23-48d9297dd762,Catalogue of ships - Il. 2.txt,Eurytos,char-offset:6675,PERSON,,,,,,,,,,,
a95915cf-2d1e-48dc-b11b-a8cb6174a1ac,Catalogue of ships - Il. 2.txt,Aktor,char-offset:6705,PERSON,,,,,,,,,,,
e632f0b5-34c1-4cba-ade9-b0261a8c96be,Catalogue of ships - Il. 2.txt,Diores,char-offset:6732,PERSON,,,,,,,,,,,
c9f0d5f8-1ec8-4d33-ad15-62a675cd7319,Catalogue of ships - Il. 2.txt,Amarynkes,char-offset:6747,PERSON,,,,,,,,,,,
b06ed899-06b9-43ea-8b6a-fcd05da7e161,Catalogue of ships - Il. 2.txt,Polyxenos,char-offset:6762,PERSON,,,,,,,,,,,
5bdcb0e8-0ce7-4308-9461-d8bde77b6bc0,Catalogue of ships - Il. 2.txt,Agasthenes,char-offset:6785,PERSON,,,,,,,,,,,
fe544895-51a5-499c-b781-d5a93e51d621,Catalogue of ships - Il. 2.txt,Augeas,char-offset:6804,PERSON,,,,,,,,,,,
8905ba0a-9d18-4aea-8c97-b605a7a3ec2f,Catalogue of ships - Il. 2.txt,Dulichium,char-offset:6826,PLACE,http://pleiades.stoa.org/places/530845,"Dolicha? Ins.|Dolicha? Ins., Koutsilaris",-0330/0300,38.32079,21.15177,island,VERIFIED,Dulichium,"Meges, Phyleus",40,
0dbee3f6-691a-4c65-8b0f-066835f9b7af,Catalogue of ships - Il. 2.txt,Echinean islands,char-offset:6852,PLACE,http://pleiades.stoa.org/places/530852,Echinades (islands),-0550/0300,38.25,21.25,archipelago,VERIFIED,Dulichium,"Meges, Phyleus",,
388912c0-8bab-4fed-bebc-6d1d14897067,Catalogue of ships - Il. 2.txt,Elis,char-offset:6899,PLACE,http://pleiades.stoa.org/places/570221,Elis,-0550/0300,37.75,21.25,region,VERIFIED,,,,
9c80f11c-15e0-4b88-9ad1-5dff3501e0f7,Catalogue of ships - Il. 2.txt,Meges,char-offset:6923,PERSON,,,,,,,,,,,
97f9a1ae-1f33-407c-8faf-861a946cae27,Catalogue of ships - Il. 2.txt,Ares,char-offset:6938,PERSON,,,,,,,,,,,
d22003ae-1353-489d-8045-ccb90fc9592a,Catalogue of ships - Il. 2.txt,Phyleus,char-offset:6967,PERSON,,,,,,,,,,,
d2651d26-2a5d-4604-890e-0141d28b8d24,Catalogue of ships - Il. 2.txt,Zeus,char-offset:6984,PERSON,,,,,,,,,,,
ea72c539-0249-4109-9522-d5b4adbf0f03,Catalogue of ships - Il. 2.txt,Dulichium,char-offset:7043,PLACE,http://pleiades.stoa.org/places/530845,"Dolicha? Ins.|Dolicha? Ins., Koutsilaris",-0330/0300,38.32079,21.15177,island,VERIFIED,Dulichium,"Meges, Phyleus",,
580e007a-8d7b-4060-946a-72fff854bb89,Catalogue of ships - Il. 2.txt,forty ships,char-offset:7075,EVENT,,,,,,,,,,,
6ede6cd5-4a63-45f4-80c7-2393aa9eb9f7,Catalogue of ships - Il. 2.txt,Odysseus,char-offset:7088,PERSON,,,,,,,,,,,
764bd3b2-3b98-47a1-be3b-ed08483fc1fa,Catalogue of ships - Il. 2.txt,Cephallenians,char-offset:7111,PLACE,http://pleiades.stoa.org/places/530826,"Cephallania (island)|Cephallania Ins., Kephallenia",-0750/0640,38.2,20.59,island,VERIFIED,Cephallenians,Odysseus,12,
6f34f753-8939-4d24-9b68-0b650feb5aa5,Catalogue of ships - Il. 2.txt,Ithaca,char-offset:7135,PLACE,http://pleiades.stoa.org/places/530905,"Ithaca Ins.|Ithaca|Ithaca, Ithaca|Ithaca Ins., Ithaca",-0750/0640,38.44193,20.638399,"island,settlement",VERIFIED,Cephallenians,Odysseus,,
22c7b579-5ef8-4705-9559-d87c4314b33b,Catalogue of ships - Il. 2.txt,Neritum,char-offset:7143,PLACE,,,,,,,NOT_IDENTIFIABLE,Cephallenians,Odysseus,,
ad120352-cf09-4e0f-aa4c-9f796cf1b5fe,Catalogue of ships - Il. 2.txt,Crocylea,char-offset:7169,PLACE,,,,,,,NOT_IDENTIFIABLE,Cephallenians,Odysseus,,
2bfd2420-dac7-472d-ab1f-3581a5afbf9c,Catalogue of ships - Il. 2.txt,Aegilips,char-offset:7186,PLACE,,,,,,,NOT_IDENTIFIABLE,Cephallenians,Odysseus,,
79d8ecfe-bf09-4327-a0fa-ea10fa5f4d84,Catalogue of ships - Il. 2.txt,Samos,char-offset:7196,PLACE,http://pleiades.stoa.org/places/599925,"Samos|Samos (island)|Samos Ins./Samus Ins., Samos|Samos, Samos|Heraion|Heraion, Heraion",-0750/0640,37.73,26.84,"island,sanctuary,settlement,temple-2",VERIFIED,Cephallenians,Odysseus,,
2d51e902-14c3-46ee-b6ac-c60148426759,Catalogue of ships - Il. 2.txt,Zacynthus,char-offset:7206,PLACE,http://pleiades.stoa.org/places/531154,"Zacynthus|Zacynthus, Zakynthos",-0750/0640,37.787178,20.892091,settlement,VERIFIED,Cephallenians,Odysseus,,
d84d811a-5fb7-4a97-9554-ad728deb74f4,Catalogue of ships - Il. 2.txt,Odysseus,char-offset:7294,PERSON,,,,,,,,,,,
613c2fef-04a2-4aa3-8e4b-890db6e9f3eb,Catalogue of ships - Il. 2.txt,Zeus,char-offset:7312,PERSON,,,,,,,,,,,
c2366389-aede-4d52-86d5-3b8369fe3414,Catalogue of ships - Il. 2.txt,twelve ships,char-offset:7353,EVENT,,,,,,,,,,,
7056f892-471c-45bb-a2d6-e00d46355a84,Catalogue of ships - Il. 2.txt,Thoas,char-offset:7367,PERSON,,,,,,,,,,,
dabf0309-d61f-4499-9782-774dfba6600e,Catalogue of ships - Il. 2.txt,Andraimon,char-offset:7381,PERSON,,,,,,,,,,,
e9bde60d-07b9-40a5-8ccb-b49359f8f827,Catalogue of ships - Il. 2.txt,Aetolians,char-offset:7406,PLACE,http://pleiades.stoa.org/places/540591,Aetolia,-0750/0300,38.51586100952380,21.759714990476200,region,VERIFIED,Aetolians,Thoas,,
213ad620-3d6c-4e0b-9e6c-1d5237d88808,Catalogue of ships - Il. 2.txt,Pleuron,char-offset:7430,PLACE,http://pleiades.stoa.org/places/540999,"Nea Pleuron|Palaia Pleuron|Palaia Pleuron, Gyphtokastro/Petrovouni|Nea Pleuron, Kato Retsina",-0750/0640,38.402823,21.414714,settlement,VERIFIED,Aetolians,Thoas,,
88da0053-65db-405b-929c-06dce32da0f8,Catalogue of ships - Il. 2.txt,Olenus,char-offset:7439,PLACE,http://pleiades.stoa.org/places/570528,"Olenos|Olenos, Tsoukalaiika/Kamenitsa?",-0750/-0030,38.153707,21.640599,settlement,VERIFIED,Aetolians,Thoas,,
b634e991-db5e-4a36-b300-1077c23d6f80,Catalogue of ships - Il. 2.txt,Pylene,char-offset:7447,PLACE,http://pleiades.stoa.org/places/541079,"Pylene?|Pylene?, Magoula/Aitolikon",-0330/0300,38.464548,21.381502,settlement,VERIFIED,Aetolians,Thoas,,
061ab0cd-a58e-46d5-a256-3f876fb09a71,Catalogue of ships - Il. 2.txt,Khalkis,char-offset:7456,PLACE,http://pleiades.stoa.org/places/540703,"Chalcis|Chalcis/Chalkis, Chalcis/Chalkida",-0750/0640,38.464,23.602,settlement,VERIFIED,Aetolians,Thoas,,
be450669-2714-4969-8b05-0884d4f40fdd,Catalogue of ships - Il. 2.txt,Calydon,char-offset:7486,PLACE,http://pleiades.stoa.org/places/540699,"Calydon|Calydon, Evinochori",-0750/0640,38.372423,21.533106,"sanctuary,settlement",VERIFIED,Aetolians,Thoas,,
d0b15228-4590-4637-bdb4-c14c88aa6b54,Catalogue of ships - Il. 2.txt,Oeneus,char-offset:7514,PERSON,,,,,,,,,,,
77065301-f410-4d54-baf0-69d6766d7cac,Catalogue of ships - Il. 2.txt,Meleager,char-offset:7593,PERSON,,,,,,,,,,,
95317a8d-504c-4b59-bb35-512627381d10,Catalogue of ships - Il. 2.txt,Thoas,char-offset:7666,PERSON,,,,,,,,,,,
7bc25bd6-f98a-4f56-9726-3dc53051e661,Catalogue of ships - Il. 2.txt,forty ships,char-offset:7683,EVENT,,,,,,,,,,,
798ef9cf-4c6f-40c0-b450-415464c9433b,Catalogue of ships - Il. 2.txt,Idomeneus,char-offset:7718,PERSON,,,,,,,,,,,
d06a8d7e-5385-4ebb-a325-fb1fa5f77ffa,Catalogue of ships - Il. 2.txt,Cretans,char-offset:7736,PLACE,http://pleiades.stoa.org/places/589748,Creta (island),-0750/2100,35.21984439173340,24.995769971494500,island,VERIFIED,Cretans,Idomeneus,80,
4438d1d2-9baa-47ae-bd1b-b9badb070688,Catalogue of ships - Il. 2.txt,Knossos,char-offset:7754,PLACE,http://pleiades.stoa.org/places/589872,"Knosos/Col. Iulia Nobilis Cnosos|Knosos/Col. Iulia Nobilis Cnosos, Knossos",-0750/0640,35.297847,25.163106,"settlement,architecturalcomplex",VERIFIED,Cretans,Idomeneus,,
666cdaca-ee74-4eb8-ad14-60178e0a3148,Catalogue of ships - Il. 2.txt,Gortys,char-offset:7791,PLACE,http://pleiades.stoa.org/places/570267,"Gortys|Gortys, Atsicholos, Gortyna",-0750/0300,37.534,22.041,settlement,VERIFIED,Cretans,Idomeneus,,
64040ae7-1fea-4e5e-8521-19db70fe0014,Catalogue of ships - Il. 2.txt,Lyktos,char-offset:7799,PLACE,http://pleiades.stoa.org/places/589918,"Lyktos|Lyktos/Lyttos, Pedhiadha",-0750/0640,35.207811,25.368687,settlement,VERIFIED,Cretans,Idomeneus,,
ab2c50a7-5941-474c-b1e7-778672bcf17c,Catalogue of ships - Il. 2.txt,Miletus,char-offset:7812,PLACE,http://pleiades.stoa.org/places/599799,"Miletus|Miletos/Miletus, Milet, Balat, Didim",-1750/2000,37.5292362,27.2774885,"theatre,settlement,port",VERIFIED,Cretans,Idomeneus,,
58c3605d-8322-476a-8fb2-0a1ee9576759,Catalogue of ships - Il. 2.txt,Lykastos,char-offset:7824,PLACE,http://pleiades.stoa.org/places/589917,"Lykastos|Lykastos, Rokka",-0330/0300,35.20224,25.10388,"settlement,fort",VERIFIED,Cretans,Idomeneus,,
accc8ec8-2d21-4137-951b-1e0f3c814ea2,Catalogue of ships - Il. 2.txt,Phaistos,char-offset:7881,PLACE,http://pleiades.stoa.org/places/589987,"Phaistos|Phaistos, Agios Ioanis",-1600/0640,35.05138,24.8143,"settlement,architecturalcomplex",VERIFIED,Cretans,Idomeneus,,
14540942-7a5e-42a9-baad-e3f9bf6abf2a,Catalogue of ships - Il. 2.txt,Rhytium,char-offset:7894,PLACE,http://pleiades.stoa.org/places/590033,"Rhytion/Rhytiassos|Rhytion/Rhytiassos, Rotasi",-0750/0300,35.010596,25.169935,settlement,VERIFIED,Cretans,Idomeneus,,
a1c0f967-51f5-4a58-a482-602c02e5a121,Catalogue of ships - Il. 2.txt,Crete,char-offset:7962,PLACE,http://pleiades.stoa.org/places/589748,Creta (island),-0750/2100,35.21984439173340,24.995769971494500,island,VERIFIED,Cretans,Idomeneus,,
eb47150a-e7f4-49e1-84ff-1e4c2be44293,Catalogue of ships - Il. 2.txt,Idomeneus,char-offset:7992,PERSON,,,,,,,,,,,
a0be5c13-ea50-43a7-b3ac-923cc4f65a0d,Catalogue of ships - Il. 2.txt,Meriones,char-offset:8010,PERSON,,,,,,,,,,,
f9f5fc20-281d-409d-941d-7489d925f996,Catalogue of ships - Il. 2.txt,Ares,char-offset:8038,PERSON,,,,,,,,,,,
76411426-b823-48c1-a111-1783be23878f,Catalogue of ships - Il. 2.txt,eighty ships,char-offset:8070,EVENT,,,,,,,,,,,
a4edc32b-a972-4ef1-bb00-eb089a8fb83d,Catalogue of ships - Il. 2.txt,Tlepolemos,char-offset:8084,PERSON,,,,,,,,,,,
bcce6e2f-d4af-4593-8897-82c9e9ee8abc,Catalogue of ships - Il. 2.txt,Herakles,char-offset:8103,PERSON,,,,,,,,,,,
af186ac2-7909-4a6f-8e83-30304201533c,Catalogue of ships - Il. 2.txt,nine ships,char-offset:8160,EVENT,,,,,,,,,,,
cfee59c1-52b2-4db8-85ca-6a4c1dc66ad7,Catalogue of ships - Il. 2.txt,Rhodes,char-offset:8195,PLACE,http://pleiades.stoa.org/places/590031,"Kamiros|Apollo Erethimios, T.|Ialysos|Ialysus/Ialysos, Trianda, Ialysos|Lindos|Lindos/Lindus, Lindos|Apollo Erethimios, Apollo Erethimios|Rhodos (island)|Rhodos Ins., Rhodos|Rhodos|Rhodos, Rhodos|Kamiros/Camirus, Kamiros, Kalavarda",-1200/2100,36.41451,28.15629,"island,settlement,temple-2,stadion",VERIFIED,Rhodians,Tleptolemos,9,
d6e90580-331a-444c-812c-1da24498898b,Catalogue of ships - Il. 2.txt,Rhodes,char-offset:8219,PLACE,http://pleiades.stoa.org/places/590031,"Kamiros|Apollo Erethimios, T.|Ialysos|Ialysus/Ialysos, Trianda, Ialysos|Lindos|Lindos/Lindus, Lindos|Apollo Erethimios, Apollo Erethimios|Rhodos (island)|Rhodos Ins., Rhodos|Rhodos|Rhodos, Rhodos|Kamiros/Camirus, Kamiros, Kalavarda",-1200/2100,36.41451,28.15629,"island,settlement,temple-2,stadion",VERIFIED,Rhodians,,,
5016692d-1c42-4360-b3ad-38eb8ab7a447,Catalogue of ships - Il. 2.txt,Lindos,char-offset:8269,PLACE,http://pleiades.stoa.org/places/589913,"Kamiros|Apollo Erethimios, T.|Ialysos|Ialysus/Ialysos, Trianda, Ialysos|Lindos|Lindos/Lindus, Lindos|Apollo Erethimios, Apollo Erethimios|Rhodos (island)|Rhodos Ins., Rhodos|Rhodos|Rhodos, Rhodos|Kamiros/Camirus, Kamiros, Kalavarda",-1200/2100,36.41451,28.15629,"island,settlement,temple-2,stadion",VERIFIED,Rhodians,Tleptolemos,,
c8f5d740-be3b-468f-a892-3bb3361f1234,Catalogue of ships - Il. 2.txt,Ialysos,char-offset:8277,PLACE,http://pleiades.stoa.org/places/589815,"Kamiros|Apollo Erethimios, T.|Ialysos|Ialysus/Ialysos, Trianda, Ialysos|Lindos|Lindos/Lindus, Lindos|Apollo Erethimios, Apollo Erethimios|Rhodos (island)|Rhodos Ins., Rhodos|Rhodos|Rhodos, Rhodos|Kamiros/Camirus, Kamiros, Kalavarda",-1200/2100,36.41451,28.15629,"island,settlement,temple-2,stadion",VERIFIED,Rhodians,Tleptolemos,,
5348cf74-8429-4998-af62-68998073ca79,Catalogue of ships - Il. 2.txt,Kameiros,char-offset:8290,PLACE,http://pleiades.stoa.org/places/589836,"Kamiros|Apollo Erethimios, T.|Ialysos|Ialysus/Ialysos, Trianda, Ialysos|Lindos|Lindos/Lindus, Lindos|Apollo Erethimios, Apollo Erethimios|Rhodos (island)|Rhodos Ins., Rhodos|Rhodos|Rhodos, Rhodos|Kamiros/Camirus, Kamiros, Kalavarda",-1200/2100,36.41451,28.15629,"island,settlement,temple-2,stadion",VERIFIED,Rhodians,Tleptolemos,,
2b7f0241-1a70-42ec-a8a7-f4ee3ed11786,Catalogue of ships - Il. 2.txt,Tlepolemos,char-offset:8350,PERSON,,,,,,,,,,,
023844be-9500-4b0d-8383-4d8fabc56002,Catalogue of ships - Il. 2.txt,Herakles,char-offset:8376,PERSON,,,,,,,,,,,
59fe7e8a-7b07-495d-bea0-be1442b3edc0,Catalogue of ships - Il. 2.txt,Astyochea,char-offset:8397,PLACE,,,,,,,UNVERIFIED,,,,
e8cdd548-3768-468b-b864-210122660055,Catalogue of ships - Il. 2.txt,Ephyra,char-offset:8437,PLACE,http://pleiades.stoa.org/places/573208,Ephyra,,,,settlement,UNVERIFIED,,,,
5c4940b6-1e3f-402a-afef-5f175ac9e9c6,Catalogue of ships - Il. 2.txt,Selleis,char-offset:8458,PLACE,http://pleiades.stoa.org/places/501604,Selleis (river),,40.25,26.75,river,VERIFIED,,,,
a4d88ee1-cdd3-449a-b7dc-1bc6093762c8,Catalogue of ships - Il. 2.txt,Tlepolemos,char-offset:8520,PERSON,,,,,,,,,,,
0a34b30f-bf1a-4638-becb-fa630732b9eb,Catalogue of ships - Il. 2.txt,the sea,char-offset:8726,PLACE,http://dare.ht.lu.se/places/25650,"Holme next the Sea, Hunstanton",,,,,UNVERIFIED,,,,
a394e6d5-442a-4088-af1c-c2958678a75b,Catalogue of ships - Il. 2.txt,Herakles,char-offset:8798,PERSON,,,,,,,,,,,
2f482373-8d8a-45be-a538-8794c994e6b6,Catalogue of ships - Il. 2.txt,Rhodes,char-offset:8876,PLACE,http://pleiades.stoa.org/places/590031,"Kamiros|Apollo Erethimios, T.|Ialysos|Ialysus/Ialysos, Trianda, Ialysos|Lindos|Lindos/Lindus, Lindos|Apollo Erethimios, Apollo Erethimios|Rhodos (island)|Rhodos Ins., Rhodos|Rhodos|Rhodos, Rhodos|Kamiros/Camirus, Kamiros, Kalavarda",-1200/2100,36.41451,28.15629,"island,settlement,temple-2,stadion",VERIFIED,,,,
a6f8629d-7144-4ed9-81d6-723ccf360dd0,Catalogue of ships - Il. 2.txt,Zeus,char-offset:8985,PERSON,,,,,,,,,,,
a7b073d1-2667-429d-a292-bcb915222be9,Catalogue of ships - Il. 2.txt,Nireus,char-offset:9089,PERSON,,,,,,,,,,,
962117fa-d36a-403e-baf4-c28ea8d5c7c1,Catalogue of ships - Il. 2.txt,three ships,char-offset:9104,EVENT,,,,,,,,,,,
5262556b-5517-47da-b593-f71dd02b54b0,Catalogue of ships - Il. 2.txt,Syme,char-offset:9121,PLACE,http://pleiades.stoa.org/places/599950,"Syme|Syme, on Syme GRE",-0750/0300,36.61839,27.843425,settlement,VERIFIED,Syme,Nireus,3,
aa019c05-5735-4c41-9dea-cbe1699ed6af,Catalogue of ships - Il. 2.txt,Nireus,char-offset:9128,PERSON,,,,,,,,,,,
d0b533e4-7543-416b-b6da-74d908953bbd,Catalogue of ships - Il. 2.txt,Ilion,char-offset:9182,PLACE,http://pleiades.stoa.org/places/494571,Ilion,,,,unlocated,UNVERIFIED,,,,
192457e5-57c3-4635-ac3f-bdef1091fe20,Catalogue of ships - Il. 2.txt,Nisyrus,char-offset:9319,PLACE,http://pleiades.stoa.org/places/599830,"Nisyros (island)|Nisyros Ins., Nisyros",,36.58892,27.15597,island,VERIFIED,,"Pheidippos, Antiphos",30,
3572440b-ec34-4aa8-8b59-d046ccba250d,Catalogue of ships - Il. 2.txt,Carpathus,char-offset:9328,PLACE,http://pleiades.stoa.org/places/589841,"Karpathos (island)|Karpathos Ins., Karpathos",-0030/0300,35.583333,27.133333,island,VERIFIED,,"Pheidippos, Antiphos",,
383e67c8-2a55-4e74-b9e7-d5e40cdfd99a,Catalogue of ships - Il. 2.txt,Casus,char-offset:9343,PLACE,http://pleiades.stoa.org/places/863823,Kasios (river),-0330/0300,41.5,48.5,river,VERIFIED,,"Pheidippos, Antiphos",,
12193485-8c01-4fdb-8ccd-c0ead807b901,Catalogue of ships - Il. 2.txt,Cos,char-offset:9355,PLACE,http://pleiades.stoa.org/places/599581,"Kos/Cos (island)|Kos/Cos, Kos",,36.844,27.17,island,VERIFIED,,"Pheidippos, Antiphos",,
0c63ad01-72d4-456e-a792-8827ecda54fa,Catalogue of ships - Il. 2.txt,Calydnian islands,char-offset:9391,PLACE,,,,,,,NOT_IDENTIFIABLE,,"Pheidippos, Antiphos",,
bc6ef99a-d9f2-4f83-b5b0-ca6e195578f9,Catalogue of ships - Il. 2.txt,Pheidippos,char-offset:9434,PERSON,,,,,,,,,,,
c1ca79e4-19fb-4acb-b612-14b84c3ae23e,Catalogue of ships - Il. 2.txt,Antiphos,char-offset:9449,PERSON,,,,,,,,,,,
9b02d9d4-dae1-42f7-9dde-b221b85081e5,Catalogue of ships - Il. 2.txt,Thessalos,char-offset:9476,PERSON,,,,,,,,,,,
b203493f-07d2-4ce4-b94f-23cd66ca3c51,Catalogue of ships - Il. 2.txt,Herakles,char-offset:9497,PERSON,,,,,,,,,,,
1885b4ef-16cf-41cc-aa6c-1c3f7541b338,Catalogue of ships - Il. 2.txt,thirty ships,char-offset:9533,EVENT,,,,,,,,,,,
3d9004e2-b964-427a-9828-fb633eadf078,Catalogue of ships - Il. 2.txt,Argos,char-offset:9578,PLACE,http://pleiades.stoa.org/places/570106,"Argos|Argos, Argos",-0750/0300,37.631561,22.719464,settlement,VERIFIED,Myrmidons,Achilles,50,
e386ac0f-e2f2-47da-bfe8-892f5a542302,Catalogue of ships - Il. 2.txt,Alos,char-offset:9585,PLACE,http://pleiades.stoa.org/places/573077,Alos,,,,settlement,VERIFIED,Myrmidons,Achilles,,
e4b99e4a-16da-47f6-8ff5-9887f62e1b13,Catalogue of ships - Il. 2.txt,Alope,char-offset:9591,PLACE,http://pleiades.stoa.org/places/540621,"Alope|Alope, Melidoni/Ag. Aikaterini",-0750/-0030,38.88481,22.79812,settlement,VERIFIED,Myrmidons,Achilles,,
2e5205c4-cc2c-4e95-b94b-4205bc3f77ec,Catalogue of ships - Il. 2.txt,Trachis,char-offset:9602,PLACE,http://pleiades.stoa.org/places/541157,"Trachis/Herakleia|Herakleia, Untitled",-0750/0640,38.790767,22.442503,settlement,VERIFIED,Myrmidons,Achilles,,
4cf18333-e4b5-48af-a84e-ca95be9ead48,Catalogue of ships - Il. 2.txt,Phthia,char-offset:9624,PLACE,http://pleiades.stoa.org/places/541052,Phthiotis,,38.8678937,22.6337672,unknown,VERIFIED,Myrmidons,Achilles,,
f796bba2-ff6f-4845-8ce2-d820b0dd7fbc,Catalogue of ships - Il. 2.txt,Hellas,char-offset:9635,PLACE,http://pleiades.stoa.org/places/1001896,Hellas,-0550/2100,37.5,22.5,province,VERIFIED,Myrmidons,Achilles,,
09ccbb00-9fd0-47d3-a6bc-577565a6acec,Catalogue of ships - Il. 2.txt,Myrmidons,char-offset:9682,PLACE,,,,,,,UNVERIFIED,Myrmidons,Achilles,,
cfa6de26-9d02-487b-9b7e-2bf503bc86cd,Catalogue of ships - Il. 2.txt,Hellenes,char-offset:9693,PLACE,http://pleiades.stoa.org/places/756518,"Antinoopolis|Antinoopolis/Antinoe/Hadrianopolis/Neoi Hellenes, Esch-Scheich 'Abada",-0030/0640,27.808099,30.879299,settlement,UNVERIFIED,Myrmidons,Achilles,,
f24272f6-f9a1-45e5-b008-5728bd859709,Catalogue of ships - Il. 2.txt,Achaeans,char-offset:9707,PLACE,,,,,,,NOT_IDENTIFIABLE,,,,
92e9bb4a-904e-4521-aee2-e8b109aafa50,Catalogue of ships - Il. 2.txt,fifty ships,char-offset:9728,EVENT,,,,,,,,,,,
ac867ea3-5187-4503-89f7-2fc4414624d5,Catalogue of ships - Il. 2.txt,Achilles,char-offset:9752,PERSON,,,,,,,,,,,
e2bf4765-faae-4153-a7f7-c0ecb47df7d8,Catalogue of ships - Il. 2.txt,Achilles,char-offset:9865,PERSON,,,,,,,,,,,
20bf970d-960a-46bf-b579-d430a58bb460,Catalogue of ships - Il. 2.txt,Briseis,char-offset:9930,PERSON,,,,,,,,,,,
9dce3fe1-3eb3-4bcc-bc02-8674f4c34624,Catalogue of ships - Il. 2.txt,Lyrnessos,char-offset:9962,PLACE,http://pleiades.stoa.org/places/652355,Lyrnessos,0300/0640,,,unlocated,UNVERIFIED,,,,
60fa63b4-b9ec-4589-8ed3-8a63b7310506,Catalogue of ships - Il. 2.txt,Lyrnessos,char-offset:10016,PLACE,http://pleiades.stoa.org/places/652355,Lyrnessos,0300/0640,,,unlocated,UNVERIFIED,,,,
034d7ad4-26db-4782-8359-c8043b952b29,Catalogue of ships - Il. 2.txt,Thebe,char-offset:10030,PLACE,http://pleiades.stoa.org/places/550919,"Thebe|Thebe, 1 mile NNE Edremit",-0750/0300,39.597431,27.020171,settlement,UNVERIFIED,,,,
4b471553-978a-41fb-b386-a6e41e38c12a,Catalogue of ships - Il. 2.txt,Epistrophos,char-offset:10066,PERSON,,,,,,,,,,,
1f50b109-2bcb-4074-bf55-cc1c0a0827f4,Catalogue of ships - Il. 2.txt,Achilles,char-offset:10129,PERSON,,,,,,,,,,,
4c25bd52-6025-4867-abe5-55fe327babd5,Catalogue of ships - Il. 2.txt,Phylake,char-offset:10227,PLACE,http://pleiades.stoa.org/places/541053,"Phylake|Phylake, Filaki",-0750/0640,39.241202,22.601194,settlement,VERIFIED,Phylake,Podarkes,,
81d53d15-2c6f-4365-aab0-09034eae273d,Catalogue of ships - Il. 2.txt,Pyrasus,char-offset:10262,PLACE,http://pleiades.stoa.org/places/541081,"Demetrion?|Pyrasos|Pyrasos, Nea Anchialos|Demetrion?, Kantiraga",-0750/0640,39.27922,22.8206,settlement,VERIFIED,Phylake,Podarkes,,
ee2b20d9-b088-48fb-9b03-bb5ba35f5548,Catalogue of ships - Il. 2.txt,Iton,char-offset:10294,PLACE,http://pleiades.stoa.org/places/540842,"Iton?|Iton?, Magoula Zirilia",-0750/0640,39.164654,22.71106,temple,VERIFIED,Phylake,Podarkes,,
e2781950-c507-4920-bd9c-61e838be2375,Catalogue of ships - Il. 2.txt,Antrum,char-offset:10321,PLACE,http://pleiades.stoa.org/places/83813,Antrum,0300/0640,,,unlocated,UNVERIFIED,Phylake,Podarkes,,
cf614fab-d8d7-463d-8aee-da328f6b7322,Catalogue of ships - Il. 2.txt,Pteleum,char-offset:10346,PLACE,http://pleiades.stoa.org/places/541077,"Pteleon|Pteleon, Ftelio",-0750/0640,39.03369,22.97464,settlement,VERIFIED,Phylake,Podarkes,,
a00de7ca-9132-4913-b23e-66fb5ca3d373,Catalogue of ships - Il. 2.txt,Protesilaos,char-offset:10401,PERSON,,,,,,,,,,,
81d78f42-bd90-407f-ba16-c4cbfcdf9a65,Catalogue of ships - Il. 2.txt,Phylake,char-offset:10525,PLACE,http://pleiades.stoa.org/places/541053,"Phylake|Phylake, Filaki",-0750/0640,39.241202,22.601194,settlement,VERIFIED,Phylake,Podarkes,40,
aa4be049-d35a-44c0-bdb5-8ca48a580694,Catalogue of ships - Il. 2.txt,Podarkes,char-offset:10789,PERSON,,,,,,,,,,,
b0fdbb1b-0a42-4165-adf7-79ca98b1ccd3,Catalogue of ships - Il. 2.txt,Ares,char-offset:10814,PERSON,,,,,,,,,,,
7cb7e786-a05c-4c9f-b708-924a04448cf2,Catalogue of ships - Il. 2.txt,Iphiklos,char-offset:10851,PERSON,,,,,,,,,,,
89e890e7-080f-44e4-93c7-2da7bc681bf6,Catalogue of ships - Il. 2.txt,Phylakos,char-offset:10895,PERSON,,,,,,,,,,,
45ac28c6-9501-4f7b-9c63-28395ba43ba2,Catalogue of ships - Il. 2.txt,Protesilaos,char-offset:10931,PERSON,,,,,,,,,,,
b0036b69-cba7-4957-8bf9-3e83632f1b18,Catalogue of ships - Il. 2.txt,Protesilaos,char-offset:10958,PERSON,,,,,,,,,,,
5438c9f7-5195-4912-9fd5-766656661074,Catalogue of ships - Il. 2.txt,forty ships,char-offset:11122,EVENT,,,,,,,,,,,
4247ac3b-7fb2-4fe2-9446-4e4916083ced,Catalogue of ships - Il. 2.txt,Pherai,char-offset:11155,PLACE,http://pleiades.stoa.org/places/570596,Pherai,-0750/0300,37.25,22.25,unknown,VERIFIED,Pheraians,Admetos,11,
c936c739-53da-4f96-a08b-21aea4d72208,Catalogue of ships - Il. 2.txt,Boebean lake,char-offset:11169,PLACE,http://pleiades.stoa.org/places/540690,Boibe L.,,39.75,22.75,lake,VERIFIED,Pheraians,Admetos,,
d5d2ee0f-cd43-4d0a-ac2c-9bd474aa887d,Catalogue of ships - Il. 2.txt,Boebe,char-offset:11188,PLACE,,,,,,,UNVERIFIED,Pheraians,Admetos,,
0c4d6f46-3b2c-405a-9cd8-84e8a4050bf5,Catalogue of ships - Il. 2.txt,Glaphyrae,char-offset:11195,PLACE,http://pleiades.stoa.org/places/540790,"Glaphyrai|Glaphyrai, Glaphyra/Kapourna",-0750/0640,39.444,22.8833,settlement,VERIFIED,Pheraians,Admetos,,
7e6adb6d-4e66-45fd-a648-3ad72f94a076,Catalogue of ships - Il. 2.txt,Iolkos,char-offset:11231,PLACE,http://pleiades.stoa.org/places/540837,"Iolkos|Iolkos, Volos Kastro",-0750/0640,39.366305,22.96886,settlement,VERIFIED,Pheraians,Admetos,,
75bb19ed-373c-475d-8332-391a889baf4f,Catalogue of ships - Il. 2.txt,eleven ships,char-offset:11256,EVENT,,,,,,,,,,,
ccc4a737-790c-4bd6-9c1c-ddb9f25951db,Catalogue of ships - Il. 2.txt,Eumelos,char-offset:11281,PERSON,,,,,,,,,,,
a8181110-cd33-4abf-a7a8-28b9d7a38055,Catalogue of ships - Il. 2.txt,Admetos,char-offset:11297,PERSON,,,,,,,,,,,
1df0d0b9-ebb8-41cc-ae97-cc7af2650ffa,Catalogue of ships - Il. 2.txt,Alcestis,char-offset:11312,PERSON,,,,,,,,,,,
4d1cb218-0f9c-4822-afdf-423321246d76,Catalogue of ships - Il. 2.txt,Pelias,char-offset:11364,PERSON,,,,,,,,,,,
47b692cb-3a65-4ebb-b705-6b163890ce59,Catalogue of ships - Il. 2.txt,Methone,char-offset:11392,PLACE,http://pleiades.stoa.org/places/540946,"Methone|Methone, Nevestiki",-0750/-0030,39.327998,23.069231,settlement,VERIFIED,Methonians,Philoctetes,7,50
bd2b2913-04e4-4fac-b750-ea01828c6fd4,Catalogue of ships - Il. 2.txt,Thaumacia,char-offset:11404,PLACE,http://pleiades.stoa.org/places/541135,"Thaumakia?|Thaumakia?, Theotokou",-0750/0300,39.173156,23.339604,settlement,VERIFIED,Methonians,Philoktetes,,
d9417ffd-847e-4242-934c-e7b0fc94461f,Catalogue of ships - Il. 2.txt,Meliboia,char-offset:11420,PLACE,http://pleiades.stoa.org/places/543784,Meliboia,-0750/0300,,,unlocated,VERIFIED,Methonians,Philoktetes,,
2f00a80a-c991-4cf7-8cac-fc8cc1c931bd,Catalogue of ships - Il. 2.txt,Olizon,char-offset:11440,PLACE,http://pleiades.stoa.org/places/540979,"Olizon|Olizon, Ag. Andreas/Palaiokastro",-0750/0640,39.13534,23.21711,settlement,VERIFIED,Methonians,Philoktetes,,
350b7acc-ed0c-477a-b4e7-9e5816ae2772,Catalogue of ships - Il. 2.txt,Philoctetes,char-offset:11486,PERSON,,,,,,,,,,,
97347c3d-fe40-41c0-bd4f-f5d9a51e5f7d,Catalogue of ships - Il. 2.txt,seven ships,char-offset:11512,EVENT,,,,,,,,,,,
bba3ff58-8b66-457a-b621-3480fd3ed571,Catalogue of ships - Il. 2.txt,fifty oarsmen,char-offset:11535,EVENT,,,,,,,,,,,
7806b2f3-07d0-4729-aa02-9d4b147877d1,Catalogue of ships - Il. 2.txt,Philoctetes,char-offset:11580,PERSON,,,,,,,,,,,
532c231a-7360-4d7a-b205-d4fdf3a424a7,Catalogue of ships - Il. 2.txt,Island of Lemnos,char-offset:11623,PLACE,http://pleiades.stoa.org/places/422676686,Poliochne,,39.8537366,25.3430314,settlement,UNVERIFIED,,,,
22e9bd7f-0960-4ad0-ac54-87f915b9f8f7,Catalogue of ships - Il. 2.txt,Tricca,char-offset:11968,PLACE,http://pleiades.stoa.org/places/541163,"Trikka|Trikka/Tricca, Trikala",-0750/0640,39.558752,21.762589,settlement,VERIFIED,,"Asklepios, Podaleirios, Machaon",30,
1e3f866c-af8b-4885-81f1-4f1e2c30c933,Catalogue of ships - Il. 2.txt,Ithome,char-offset:11999,PLACE,http://pleiades.stoa.org/places/540841,"Messene|Messene, Mavromati|Ithome/Thamiai|Ithome, Ithomi|Sanctuary of Zeus Ithomatas, Mavromati",-0750/0640,37.175491,21.920439,"sanctuary,settlement,fort",VERIFIED,,"Asklepios, Podaleirios, Machaon",,
37c0104e-ddd9-417a-9674-d0812832dece,Catalogue of ships - Il. 2.txt,Oechalia,char-offset:12027,PLACE,http://pleiades.stoa.org/places/540971,"Oichalia?|Oichalia?, Kastri/Ano Potamia",-0550/0300,38.602679,24.099827,settlement,VERIFIED,,"Asklepios, Podaleirios, Machaon",,
17c7f50f-535e-432d-9541-5d808a751345,Catalogue of ships - Il. 2.txt,Oechalian Eurytos,char-offset:12049,PLACE,,,,,,,NOT_IDENTIFIABLE,,"Asklepios, Podaleirios, Machaon",,
25ab6b0e-f633-48ea-b702-767d8ba074fe,Catalogue of ships - Il. 2.txt,Asklepios,char-offset:12108,PERSON,,,,,,,,,,,
65b3697e-a839-4f43-b7f1-83dcae0cbdd9,Catalogue of ships - Il. 2.txt,Podaleirios,char-offset:12150,PERSON,,,,,,,,,,,
3869bb60-8cdc-4885-bc6c-44ec0413caac,Catalogue of ships - Il. 2.txt,Machaon,char-offset:12166,PERSON,,,,,,,,,,,
97e976ea-9a4b-4da5-be0a-9a7ac5f6b601,Catalogue of ships - Il. 2.txt,thirty ships,char-offset:12200,EVENT,,,,,,,,,,,
e45761bc-57ce-4012-8885-548b9cfb7bc6,Catalogue of ships - Il. 2.txt,Ormenios,char-offset:12236,PLACE,http://pleiades.stoa.org/places/543819,Ormenion/Orminion,,,,unlocated,VERIFIED,,Eurypylos,40,
8988b1de-f57c-4a41-a2a5-c4e846fa0f6f,Catalogue of ships - Il. 2.txt,Hypereia,char-offset:12269,PLACE,http://pleiades.stoa.org/places/573257,Hypereia,,,,settlement,VERIFIED,,Eurypylos,,
ab64da7b-275f-415e-9b5c-b18c45cc95fd,Catalogue of ships - Il. 2.txt,Asterios,char-offset:12301,PLACE,http://pleiades.stoa.org/places/540674,"Asterion/Peirasia|Peirasia, Ermitsi",-0750/0300,39.423219,22.102561,fort,VERIFIED,,Eurypylos,,
899af6fd-ae34-4b32-83a3-90e2baaeb636,Catalogue of ships - Il. 2.txt,Titanus,char-offset:12335,PLACE,http://pleiades.stoa.org/places/541150,"Titanos M.|Titanos Mons, Agia Paraskevi",,39.55148,22.17704,mountain,VERIFIED,,Eurypylos,,
fdb99503-4630-48d3-b9f2-b3dd928cc1e7,Catalogue of ships - Il. 2.txt,Eurypylos,char-offset:12362,PERSON,,,,,,,,,,,
3f2964df-5e21-43d8-afa1-af1125372e67,Catalogue of ships - Il. 2.txt,Euaemon,char-offset:12384,PERSON,,,,,,,,,,,
8837f164-e3a5-4bdc-8d4a-8e17b516faab,Catalogue of ships - Il. 2.txt,forty ships,char-offset:12418,EVENT,,,,,,,,,,,
7c7ba4ea-4ca7-409d-a6c3-e8402422db62,Catalogue of ships - Il. 2.txt,Argissa,char-offset:12447,PLACE,http://pleiades.stoa.org/places/540659,"Argoura|Argissa/Argoura/Argoussa, Magoula Gremnos",-0750/0300,39.65986,22.34118,settlement,VERIFIED,,"Polypoites, Leonteus",40,
169c11de-e358-422d-97f9-0f7b5780aeda,Catalogue of ships - Il. 2.txt,Gyrtone,char-offset:12459,PLACE,http://pleiades.stoa.org/places/540798,"Gyrton(e)|Gyrtone/Gyrton, Mourlari, Evangelismos",-0750/0640,39.798151,22.569853,settlement,VERIFIED,,"Polypoites, Leonteus",,
61f923d9-1d22-4b04-87ae-3dcb5181a505,Catalogue of ships - Il. 2.txt,Orthe,char-offset:12468,PLACE,http://pleiades.stoa.org/places/540992,"Orthe/Phalanna|Orthe?, Damasouli",-0750/0640,39.721527,22.16827,settlement,VERIFIED,,"Polypoites, Leonteus",,
dd5b88ec-27f1-4c39-a259-e8734fb70a1f,Catalogue of ships - Il. 2.txt,Elone,char-offset:12475,PLACE,http://pleiades.stoa.org/places/540760,"Elone/Leimone|Elone/Leimone, Argiropoulio",-0750/-0030,39.82647,22.30748,settlement,VERIFIED,,"Polypoites, Leonteus",,
78f08d63-7dbe-4638-b96f-15ddead2e186,Catalogue of ships - Il. 2.txt,Oloosson,char-offset:12504,PLACE,http://pleiades.stoa.org/places/540981,"Olooson|Olooson, Elassona",-0750/0640,39.89278,22.215715,settlement,VERIFIED,,"Polypoites, Leonteus",,
a7928174-0f8b-4073-8e2d-34fd5111c5a9,Catalogue of ships - Il. 2.txt,Polypoites,char-offset:12530,PERSON,,,,,,,,,,,
a7134744-cca8-475a-a27d-5b31bcc266c0,Catalogue of ships - Il. 2.txt,Peirithoos,char-offset:12567,PERSON,,,,,,,,,,,
d3a7708a-9378-4055-8759-893e5bd6ab75,Catalogue of ships - Il. 2.txt,Zeus,char-offset:12594,PERSON,,,,,,,,,,,
f38004d9-2a94-4bd1-ae0c-cb1e4a6ff851,Catalogue of ships - Il. 2.txt,Hippodameia,char-offset:12612,PERSON,,,,,,,,,,,
7d0f9072-8576-4d64-b09d-fc40978256cb,Catalogue of ships - Il. 2.txt,Peirithoos,char-offset:12636,PERSON,,,,,,,,,,,
c6345e0e-ea79-48b6-8976-d1acadf6f674,Catalogue of ships - Il. 2.txt,Mount Pelion,char-offset:12734,PLACE,http://pleiades.stoa.org/places/541021,"Pelion M.|Pelion Mons, Pelion",,39.43722,23.0465058,mountain,VERIFIED,,,,
80d9c6c1-d0fd-40d1-86dc-1606ed548c62,Catalogue of ships - Il. 2.txt,Polypoites,char-offset:12769,PERSON,,,,,,,,,,,
b6508a76-516c-48d3-bccf-bd8e2340ceae,Catalogue of ships - Il. 2.txt,Leonteus,char-offset:12822,PERSON,,,,,,,,,,,
144c2d32-a439-4515-98f9-2e6c5360cfe3,Catalogue of ships - Il. 2.txt,Ares,char-offset:12847,PERSON,,,,,,,,,,,
91fd4640-e7fe-45f2-a390-1b68048d5f0a,Catalogue of ships - Il. 2.txt,Koronos,char-offset:12868,PERSON,,,,,,,,,,,
8ff94b8d-1032-42a1-a9f1-fe547bae7d32,Catalogue of ships - Il. 2.txt,Kaineus,char-offset:12888,PERSON,,,,,,,,,,,
a080c8bf-85ac-4f92-a3b0-c1984673dcf0,Catalogue of ships - Il. 2.txt,forty ships,char-offset:12923,EVENT,,,,,,,,,,,
0034c49c-e8f1-4bae-8fff-37982ef05d35,Catalogue of ships - Il. 2.txt,Guneus,char-offset:12936,PERSON,,,,,,,,,,,
341e40ef-3f52-4fa3-aed0-ea7086dac7c7,Catalogue of ships - Il. 2.txt,two and twenty ships,char-offset:12951,EVENT,,,,,,,,,,,
e306a36b-ed6a-40fd-81eb-a46223bd9dc1,Catalogue of ships - Il. 2.txt,Cyphus,char-offset:12977,PLACE,,,,,,,NOT_IDENTIFIABLE,,Guneus,22,
b1321f84-776c-4fca-adb3-a5f3d521cd28,Catalogue of ships - Il. 2.txt,Enienes,char-offset:13012,PLACE,,,,,,,NOT_IDENTIFIABLE,Enienes,Guneus,,
b7cb2ea6-55ad-4eda-9f3c-1a072bff6b9a,Catalogue of ships - Il. 2.txt,Peraebi,char-offset:13036,PLACE,http://pleiades.stoa.org/places/541027,Perraibia,,39.75,21.75,unknown,VERIFIED,Peraebi,Guneus,,
3b24290d-13be-424f-949d-3a4fe6897bcc,Catalogue of ships - Il. 2.txt,Dodona,char-offset:13069,PLACE,http://pleiades.stoa.org/places/543686,Dodona,,,,settlement,VERIFIED,Peraebi,Guneus,,
2d5cd2aa-a476-435a-90b4-e61cef288e2f,Catalogue of ships - Il. 2.txt,Titaresios,char-offset:13119,PLACE,http://pleiades.stoa.org/places/541151,Titaresios (river),,39.75,22.25,river,VERIFIED,Peraebi,Guneus,,
6e9feb7a-7bf5-4a8c-9b26-ad00b370105b,Catalogue of ships - Il. 2.txt,Peneus,char-offset:13163,PLACE,http://pleiades.stoa.org/places/541022,Peneios (river),,39.75,21.75,river,VERIFIED,,,,
0483d187-7758-4d9e-9310-1e77a143c223,Catalogue of ships - Il. 2.txt,Peneus,char-offset:13220,PLACE,http://pleiades.stoa.org/places/541022,Peneios (river),,39.75,21.75,river,VERIFIED,,,,
3cd2bf02-fcb2-4fc0-8a8d-14fe90218c82,Catalogue of ships - Il. 2.txt,Titaresios,char-offset:13275,PLACE,http://pleiades.stoa.org/places/541151,Titaresios (river),,39.75,22.25,river,VERIFIED,,,,
21e3f581-d462-4c09-afe6-b8da6ee46fb7,Catalogue of ships - Il. 2.txt,Orcus,char-offset:13307,PLACE,,,,,,,NOT_IDENTIFIABLE,,,,
e96d4803-dbab-462d-8936-88a671e8b6e4,Catalogue of ships - Il. 2.txt,Styx,char-offset:13330,PLACE,http://pleiades.stoa.org/places/570698,Styx (river),,38.25,22.25,river,VERIFIED,,,,
372fb56e-72aa-4188-b899-a62be9686d10,Catalogue of ships - Il. 2.txt,Magnetes,char-offset:13343,PLACE,http://pleiades.stoa.org/places/540923,Magnesia,,39.75,22.75,unknown,VERIFIED,Magnetes,Prothoos,40,
00d861b3-8974-4dfa-b8b8-a87d224e4faa,Catalogue of ships - Il. 2.txt,Prothoos,char-offset:13353,PERSON,,,,,,,,,,,
8f785c73-7d70-4748-ba9b-e6f29a9503ad,Catalogue of ships - Il. 2.txt,Tenthredon,char-offset:13369,PERSON,,,,,,,,,,,
950ebbd5-3aab-4f8f-9fc6-188b877ef80b,Catalogue of ships - Il. 2.txt,Peneus,char-offset:13437,PLACE,http://pleiades.stoa.org/places/541022,Peneios (river),,39.75,21.75,river,VERIFIED,Magnetes,Prothoos,,
5727a66c-4d9e-470e-9be3-349a175536c6,Catalogue of ships - Il. 2.txt,Mount Pelion,char-offset:13448,PLACE,http://pleiades.stoa.org/places/541021,"Pelion M.|Pelion Mons, Pelion",,39.43722,23.0465058,mountain,VERIFIED,Magnetes,Prothoos,,
332f6a74-864b-467c-a083-54fb026175b5,Catalogue of ships - Il. 2.txt,Prothoos,char-offset:13462,PERSON,,,,,,,,,,,
65af9241-cc9d-4d60-8a3a-54e3c28b5b4c,Catalogue of ships - Il. 2.txt,forty ships,char-offset:13529,EVENT,,,,,,,,,,,
61d2a97b-5c70-440e-9d58-af5ad0c9a46e,Catalogue of ships - Il. 2.txt,Atreus,char-offset:13695,PERSON,,,,,,,,,,,
dc667956-3982-40ee-a5fe-9895439d54fb,Catalogue of ships - Il. 2.txt,Pheres,char-offset:13738,PERSON,,,,,,,,,,,
d296e08d-400a-4cd6-8162-b1c153fdf7f9,Catalogue of ships - Il. 2.txt,Eumelos,char-offset:13789,PERSON,,,,,,,,,,,
40252be5-5da1-4da4-8bf5-d1cf2ec6bdef,Catalogue of ships - Il. 2.txt,Apollo,char-offset:13897,PERSON,,,,,,,,,,,
16a7c058-beb1-4ba3-ad0a-f7a24dabbdb4,Catalogue of ships - Il. 2.txt,Perea,char-offset:13941,PLACE,http://pleiades.stoa.org/places/541025,"Pereia|Chalai, Tsournati",-0750/0640,39.14917,22.56873,settlement,VERIFIED,Phereians,Eumelos,,
7bfd7863-0e05-4f58-b127-dbf690bd96f9,Catalogue of ships - Il. 2.txt,Ares,char-offset:13985,PERSON,,,,,,,,,,,
e49d6bf3-15d5-442e-bd54-9b99ccbbb711,Catalogue of ships - Il. 2.txt,Ajax,char-offset:14013,PERSON,,,,,,,,,,,
bb1ca313-3258-4139-a559-733aec573961,Catalogue of ships - Il. 2.txt,Telamon,char-offset:14026,PERSON,,,,,,,,,,,
957dc220-990b-4288-b416-6d82e3fd18ec,Catalogue of ships - Il. 2.txt,Achilles,char-offset:14068,PERSON,,,,,,,,,,,
7a48874e-71e7-4055-b7a4-a3b1b2abade1,Catalogue of ships - Il. 2.txt,Achilles,char-offset:14096,PERSON,,,,,,,,,,,
c34c2a62-3de4-4f0f-af90-1d4b30b7c553,Catalogue of ships - Il. 2.txt,Achilles,char-offset:14162,PERSON,,,,,,,,,,,
2bb5d3d9-77a5-4bc9-a901-d6e81c11103b,Catalogue of ships - Il. 2.txt,Agamemnon,char-offset:14236,PERSON,,,,,,,,,,,
ab4d2974-8e56-42fa-96b4-bb703e6c1b86,Catalogue of ships - Il. 2.txt,Zeus,char-offset:14906,PERSON,,,,,,,,,,,
c8c8744d-12db-4199-8acb-f4cfdc620eed,Catalogue of ships - Il. 2.txt,Trojans,char-offset:14942,PLACE,,,,,,,UNVERIFIED,,,,
c1071b90-cfa8-4bdd-8045-9a01bbf2ae24,Catalogue of ships - Il. 2.txt,Trojans,char-offset:15158,PLACE,,,,,,,UNVERIFIED,,,,
d2a4802d-1ebf-4073-968d-532086b88354,Catalogue of ships - Il. 2.txt,Hektor,char-offset:15519,PERSON,,,,,,,,,,,
b79df834-aef6-41d3-a5c0-517be51b5547,Catalogue of ships - Il. 2.txt,Priam,char-offset:15621,PERSON,,,,,,,,,,,
4786b647-374b-4097-b9c2-d6ccf9909e4d,Catalogue of ships - Il. 2.txt,Hektor,char-offset:15821,PERSON,,,,,,,,,,,
36087aaa-f0f4-40a2-8300-800431a372ce,Catalogue of ships - Il. 2.txt,Trojans,char-offset:16208,PLACE,http://pleiades.stoa.org/places/550595,"Ilium/Troia|Ilium/Troia, Hisarlık",-0750/2100,39.9577,26.23873,settlement,VERIFIED,,,,
2a4cb2c1-169e-4d61-b8da-74c10cdb832a,Catalogue of ships - Il. 2.txt,Hektor,char-offset:16274,PERSON,,,,,,,,,,,
c4432d0e-f662-4662-a5e3-4d4844668179,Catalogue of ships - Il. 2.txt,Trojans,char-offset:16319,PLACE,http://pleiades.stoa.org/places/550595,"Ilium/Troia|Ilium/Troia, Hisarlık",-0750/2100,39.9577,26.23873,settlement,VERIFIED,Trojans,Hektor,,
b1d9b87b-4bf2-4544-a4f7-5a60ae37d03b,Catalogue of ships - Il. 2.txt,Dardanians,char-offset:16441,PLACE,,,,,,,NOT_IDENTIFIABLE,Dardanians,"Aeneas, Archilokos, Akamas",,
a645e237-8718-4ee9-a451-7095e7ef2cb6,Catalogue of ships - Il. 2.txt,Aeneas,char-offset:16471,PERSON,,,,,,,,,,,
8f559e1d-c02e-4e52-abae-3e6e87440e83,Catalogue of ships - Il. 2.txt,Anchises,char-offset:16502,PERSON,,,,,,,,,,,
87930c9b-0c89-4ac3-b63a-442aa0136549,Catalogue of ships - Il. 2.txt,Archilokhos,char-offset:16658,PERSON,,,,,,,,,,,
a36e31e1-cb83-4539-9b7f-2059a90cae4f,Catalogue of ships - Il. 2.txt,Akamas,char-offset:16674,PERSON,,,,,,,,,,,
c8341023-ef5a-499c-8b5a-256b317da77d,Catalogue of ships - Il. 2.txt,Telea,char-offset:16738,PLACE,http://pleiades.stoa.org/places/511461,"Zeleia|Zeleia, Sarıköy, Balıkesir",-0750/0300,40.2035643,27.595073100000000,settlement,VERIFIED,Teleans,Pandaros,,
2aaf3cbd-2cd5-496a-acf0-a1ceed6b1225,Catalogue of ships - Il. 2.txt,Mount Ida,char-offset:16770,PLACE,https://pleiades.stoa.org/places/550592,Mount Ida,,39.6859427667,26.8265529333,,VERIFIED,Teleans,Pandaros,,
d2da4b01-e7d8-4073-a19a-f782213f4c8a,Catalogue of ships - Il. 2.txt,Aesepos,char-offset:16835,PLACE,http://pleiades.stoa.org/places/511141,Aisepos (river),,40.25,27.75,river,VERIFIED,Teleans,,,
ab79f0b8-7601-4582-a2cd-11d96f303897,Catalogue of ships - Il. 2.txt,Pandaros,char-offset:16888,PERSON,,,,,,,,,,,
42a19af6-7a01-4ded-b04f-356051135314,Catalogue of ships - Il. 2.txt,Lykaon,char-offset:16904,PERSON,,,,,,,,,,,
4936844e-459e-4f7a-931f-0af8e7fbd9b6,Catalogue of ships - Il. 2.txt,Apollo,char-offset:16917,PERSON,,,,,,,,,,,
68682226-445c-445c-8ddf-b327c4c14546,Catalogue of ships - Il. 2.txt,Adrasteia,char-offset:16966,PLACE,http://pleiades.stoa.org/places/511138,"Adrasteia|Adrasteia, above Adrasteia plain",-0550/-0330,40.383655,27.191289,settlement,VERIFIED,,Adrastos,,
3e183ba4-4f7d-44d8-9e2c-2d318d4ea0bd,Catalogue of ships - Il. 2.txt,Apaesus,char-offset:17004,PLACE,http://pleiades.stoa.org/places/501544,"Paisos|Paisos, 6 miles NE Çardak",-0750/-0330,40.400225,26.787097,settlement,VERIFIED,,Adrastos,,
201bdbe5-f080-4c6f-b11b-2baade013bdf,Catalogue of ships - Il. 2.txt,Pityeia,char-offset:17018,PLACE,http://pleiades.stoa.org/places/550834,"*Pityaia|*Pityaia, near Süleymanlı",-0330/-0030,38.97582,27.817113,settlement,VERIFIED,,Adrastos,,
95d465ab-0859-4b26-9444-8b9860d149bb,Catalogue of ships - Il. 2.txt,Tereia,char-offset:17052,PLACE,http://pleiades.stoa.org/places/515669,Tereia,-0330/0300,,,unlocated,VERIFIED,,Adrastos,,
46566161-764b-452c-bf36-24e9ccde42ef,Catalogue of ships - Il. 2.txt,Adrastos,char-offset:17080,PERSON,,,,,,,,,,,
fca86c07-3024-4343-a175-553e28fe7feb,Catalogue of ships - Il. 2.txt,Amphios,char-offset:17093,PERSON,,,,,,,,,,,
317a0b1d-38dc-412c-a26b-6c0a2ab1ea56,Catalogue of ships - Il. 2.txt,Merops,char-offset:17157,PERSON,,,,,,,,,,,
cec28171-fbbc-41f7-ace3-f2b88b305569,Catalogue of ships - Il. 2.txt,Perkote,char-offset:17167,PLACE,http://pleiades.stoa.org/places/501556,"Perkote|Perkote, 4 miles E Umurbey",-0750/-0030,40.273913,26.588806,settlement,UNVERIFIED,,,,
4b2f312a-3b8f-47c2-8279-c5f6bd944bae,Catalogue of ships - Il. 2.txt,Perkote,char-offset:17345,PLACE,http://pleiades.stoa.org/places/501556,"Perkote|Perkote, 4 miles E Umurbey",-0750/-0030,40.273913,26.588806,settlement,VERIFIED,,Asios,,
51dfb59e-a3c9-464c-9002-2bab256e7343,Catalogue of ships - Il. 2.txt,Praktios,char-offset:17357,PLACE,http://pleiades.stoa.org/places/501577,Praktios? (river),,40.25,26.75,river,VERIFIED,,Asios,,
a81b1bf5-cd1f-4bce-bd6c-3f4cf8f09dc4,Catalogue of ships - Il. 2.txt,Sestos,char-offset:17372,PLACE,http://pleiades.stoa.org/places/501609,"Sestos|Sestos, Yalikabat",-0750/0300,40.21343,26.38916,settlement,VERIFIED,,Asios,,
74dc7ae0-d636-448c-91d2-e9fceb220f70,Catalogue of ships - Il. 2.txt,Abydos,char-offset:17380,PLACE,http://pleiades.stoa.org/places/501325,"Abydos|Abydos, Maltepe",-0750/2000,40.19406,26.41122,settlement,VERIFIED,,Asios,,
c87a26a4-babe-4a9e-8a39-07344d555302,Catalogue of ships - Il. 2.txt,Arisbe,char-offset:17392,PLACE,http://pleiades.stoa.org/places/501359,"Arisbe|Arisbe, Musakoy?",-0750/-0030,40.199817,26.542314,"settlement-modern,settlement",VERIFIED,,Asios,,
651ec0b3-3b7f-4c53-b6b1-286b5cc24d5f,Catalogue of ships - Il. 2.txt,Asios,char-offset:17419,PERSON,,,,,,,,,,,
f3d6f978-7d00-403a-a6c3-719d4f0f9b5d,Catalogue of ships - Il. 2.txt,Hyrtakos,char-offset:17433,PERSON,,,,,,,,,,,
39d9d391-dbba-4cb9-93a8-0de8cd7a5cac,Catalogue of ships - Il. 2.txt,Asios,char-offset:17463,PERSON,,,,,,,,,,,
ce998d85-04b7-4e74-a125-d5ab43cdf232,Catalogue of ships - Il. 2.txt,Hyrtakos,char-offset:17481,PERSON,,,,,,,,,,,
8e0d264d-c653-4ffd-b9ed-4cd891d19632,Catalogue of ships - Il. 2.txt,Selleis,char-offset:17565,PLACE,http://pleiades.stoa.org/places/501604,Selleis (river),,40.25,26.75,river,VERIFIED,,,,
2ce87bf7-fdb6-45c1-8c03-6407b11841ba,Catalogue of ships - Il. 2.txt,Arisbe,char-offset:17591,PLACE,http://pleiades.stoa.org/places/501359,"Arisbe|Arisbe, Musakoy?",-0750/-0030,40.199817,26.542314,"settlement-modern,settlement",VERIFIED,,,,
32bb890d-75d1-49e0-9087-16a9fccce7bc,Catalogue of ships - Il. 2.txt,Hippothoos,char-offset:17600,PERSON,,,,,,,,,Asios,,
73d40377-1181-487c-b612-cd742fe4b997,Catalogue of ships - Il. 2.txt,Larissa,char-offset:17671,PLACE,http://pleiades.stoa.org/places/540905,"Larissa|Larissa/Larisa, Larissa",-0750/0640,39.64147,22.41474,settlement,VERIFIED,Thessalians,Hippothoos,,
3e6169a6-30dd-4ee6-97c4-17cd1966f9fb,Catalogue of ships - Il. 2.txt,Hippothoos,char-offset:17681,PERSON,,,,,,,,,Asios,,
e0543ccd-d124-48b9-a5f5-08cfa7f83378,Catalogue of ships - Il. 2.txt,Ares,char-offset:17720,PERSON,,,,,,,,,,,
17eb25ee-b5c2-4a8b-a5fe-85d2dcf95921,Catalogue of ships - Il. 2.txt,Akamas,char-offset:17777,PERSON,,,,,,,,,,,
efdb3377-6d41-4716-aa72-da67a01bb573,Catalogue of ships - Il. 2.txt,Peirous,char-offset:17800,PERSON,,,,,,,,,Asios,,
98d8a825-61f4-4c7e-9bc1-0c6197fb4739,Catalogue of ships - Il. 2.txt,Thracians,char-offset:17822,PLACE,http://pleiades.stoa.org/places/501638,Thracia,-0750/0640,40.288041,23.129408,unknown,VERIFIED,Thracians,"Akamas, Peirous",,
318ecfd4-c0f7-48ac-bc94-799f1744904e,Catalogue of ships - Il. 2.txt,Euphemos,char-offset:17902,PERSON,,,,,,,,,"Akamas, Peirous",,
8665e03b-e6a2-4477-95ad-ceb92a726280,Catalogue of ships - Il. 2.txt,Troizenos,char-offset:17919,PERSON,,,,,,,,,"Akamas, Peirous",,
9e9e6cdb-e1c1-4373-960c-8505a591b3a2,Catalogue of ships - Il. 2.txt,Ceos,char-offset:17941,PERSON,,,,,,,,,"Akamas, Peirous",,
2c85110d-7a47-43df-ac25-dac390df5ef6,Catalogue of ships - Il. 2.txt,Ciconian,char-offset:17965,PLACE,,,,,,,NOT_IDENTIFIABLE,Ciconians,Euphemos,,
8df5d7fa-1aa1-4ab5-8722-f7e2b66bee90,Catalogue of ships - Il. 2.txt,Pyraikhmes,char-offset:17985,PERSON,,,,,,,,,Euphemos,,
5d2ab766-d544-4219-a439-429f7610e9ac,Catalogue of ships - Il. 2.txt,Paeonian,char-offset:18004,PLACE,http://pleiades.stoa.org/places/491680,Paionia,-0750/0300,41.75,21.75,unknown,VERIFIED,Paeonians,Pyraikhmes,,
7c9b610c-2b37-4800-bba9-e07f681738bb,Catalogue of ships - Il. 2.txt,Amydon,char-offset:18034,PLACE,http://pleiades.stoa.org/places/494527,Abydon/Amydon,-0550/-0330,,,unlocated,VERIFIED,Paeonians,Pyraikhmes,,
6f03d521-4e2b-4e9f-b3ac-b5a4c104ce07,Catalogue of ships - Il. 2.txt,Axios,char-offset:18075,PLACE,http://pleiades.stoa.org/places/491534,Axios (river),-0550/0640,41.0572437,22.5226845,river,VERIFIED,Paeonians,Pyraikhmes,,
166185ed-2e30-4aea-91c9-024ae852a9ae,Catalogue of ships - Il. 2.txt,Paphlagonians,char-offset:18125,PLACE,http://pleiades.stoa.org/places/845034,Paphlagonia (region),-0750/0640,41.44846296666670,33.23855021666670,region,VERIFIED,Paphlagonians,Pyraikhmes,,
13176e8f-81e0-4e23-8ab5-ad462a48f8f0,Catalogue of ships - Il. 2.txt,Pylaimenes,char-offset:18171,PERSON,,,,,,,,,Euphemos,,
480b346c-6f19-42e1-8936-a2e8d4a767bf,Catalogue of ships - Il. 2.txt,Enetae,char-offset:18187,PLACE,,,,,,,UNVERIFIED,Paphlagonians,Pylaimenes,,
f46570f0-4dc7-4ee7-a9b4-8e58d4810c14,Catalogue of ships - Il. 2.txt,Cytorus,char-offset:18256,PLACE,http://pleiades.stoa.org/places/844898,"Cytorus M.|Cytorus Mons, Kidros Dağ",-0330/0300,41.8111899,32.8960606,mountain,VERIFIED,Paphlagonians,Pylaimenes,,
093ec836-2eca-4214-a404-11f6d15e0e8c,Catalogue of ships - Il. 2.txt,Sesamus,char-offset:18286,PLACE,http://pleiades.stoa.org/places/844856,"Amastris/Sesamos|Amastris/Sesamos, Amasra",-0750/0640,41.746969,32.385648,settlement,VERIFIED,Paphlagonians,Pylaimenes,,
00612bac-e6af-44f6-b46e-eeb8b6d20321,Catalogue of ships - Il. 2.txt,Parthenios,char-offset:18324,PLACE,http://pleiades.stoa.org/places/609495,Parthenios (river),-0030/0300,39.75,30.75,river,VERIFIED,Paphlagonians,Pylaimenes,,
0fde8c5a-88ab-485c-bb1a-72e7be94d714,Catalogue of ships - Il. 2.txt,Cromna,char-offset:18337,PLACE,http://pleiades.stoa.org/places/844994,"Kromna|Kromna, Tekeönü",-0750/0640,41.82841,32.6765,settlement,VERIFIED,Paphlagonians,Pylaimenes,,
722939ac-a657-4385-a456-641e114ed921,Catalogue of ships - Il. 2.txt,Aigialos,char-offset:18345,PLACE,http://pleiades.stoa.org/places/844852,"Aigialos|Aigialos, Karaağaç Limanı",-0750/0640,41.891894,33.002438,settlement,VERIFIED,Paphlagonians,Pylaimenes,,
c48e259c-bf7d-417f-b118-17b501e2337e,Catalogue of ships - Il. 2.txt,Erithinoi,char-offset:18365,PLACE,http://pleiades.stoa.org/places/844918,"Eryth(r)inoi|Erythrinoi/Erythinoi, Çakraz",-0750/0640,41.779469,32.484075,settlement,VERIFIED,Paphlagonians,Pylaimenes,,
122481e5-979d-48ab-9eed-63c74c413bc2,Catalogue of ships - Il. 2.txt,Odios,char-offset:18376,PERSON,,,,,,,,,,,
3fdae240-30b3-4541-9cb5-52dae19f8935,Catalogue of ships - Il. 2.txt,Epistrophos,char-offset:18386,PERSON,,,,,,,,,,,
882b3d41-9b94-4457-961c-a8554329606a,Catalogue of ships - Il. 2.txt,Halizoni,char-offset:18420,PLACE,http://pleiades.stoa.org/places/652339,Halikon,0300/0640,,,settlement,VERIFIED,Halizoni,"Odios, Epistrophos",,
12267a7d-925b-48a3-b011-8baacbf73e59,Catalogue of ships - Il. 2.txt,Alybe,char-offset:18442,PLACE,http://pleiades.stoa.org/places/554184,Alybe,,,,unlocated,VERIFIED,Halizoni,"Odios, Epistrophos",,
7d96d9bb-adcc-4c46-a72f-934aeb10fc87,Catalogue of ships - Il. 2.txt,Chromis,char-offset:18482,PERSON,,,,,,,,,,,
70e5d184-563c-45e3-b2d9-2d6b69038a6d,Catalogue of ships - Il. 2.txt,Ennomos,char-offset:18495,PERSON,,,,,,,,,"Odios, Epistrophos",,
d4f7a5d2-31b8-4917-9223-0a8f476424cf,Catalogue of ships - Il. 2.txt,Mysians,char-offset:18522,PLACE,http://pleiades.stoa.org/places/511328,Mysia,-0750/-0330,40.25,27.75,labeled feature,VERIFIED,Mysians,"Chromis, Ennomos",,
560d4e77-0af6-48a4-a625-a08fe794ad46,Catalogue of ships - Il. 2.txt,Aiakos,char-offset:18649,PLACE,,,,,,,UNVERIFIED,Mysians,"Chromis, Ennomos",,
3a386c53-b829-4841-a9ba-ee49fc84c41c,Catalogue of ships - Il. 2.txt,Trojans,char-offset:18703,PLACE,,,,,,,UNVERIFIED,,,,
4eda809f-2883-4039-831b-c24795ef9ab1,Catalogue of ships - Il. 2.txt,Phorkys,char-offset:18712,PERSON,,,,,,,,,"Chromis, Ennomos",,
e69e8da4-c3f8-43cc-a4c0-eaed40f24bef,Catalogue of ships - Il. 2.txt,Askanios,char-offset:18738,PERSON,,,,,,,,,"Chromis, Ennomos",,
fb9d3c40-3771-42ce-9e52-3e9d906503b1,Catalogue of ships - Il. 2.txt,Phrygians,char-offset:18755,PLACE,http://pleiades.stoa.org/places/981543,Phrygia,,37.5,32.5,province,VERIFIED,Phrygians,"Phorkys, Askanios",,
7976f72b-4d31-4692-9a8f-e8c4db9a9f43,Catalogue of ships - Il. 2.txt,Askania,char-offset:18789,PLACE,http://pleiades.stoa.org/places/511165,Askania,-0750/0300,40.25,29.75,labeled feature,VERIFIED,Phrygians,"Phorkys, Askanios",,
e098bbfe-25aa-4aeb-851e-f0d266f83b95,Catalogue of ships - Il. 2.txt,Mesthles,char-offset:18832,PERSON,,,,,,,,,"Chromis, Ennomos",,
c141a304-96dd-4066-a7bc-7f4a5a4e33a6,Catalogue of ships - Il. 2.txt,Antiphos,char-offset:18845,PERSON,,,,,,,,,,,
ee174b19-5f2a-49f4-b81a-77ec9ee811a2,Catalogue of ships - Il. 2.txt,Meonians,char-offset:18868,PLACE,http://pleiades.stoa.org/places/550710,Maionia/Mysia,-0330/0300,38.75,28.25,labeled feature,VERIFIED,Meonians,"Mesthles, Antiphos",,
b82aed44-23b5-43c4-a0dd-54488b92e1dd,Catalogue of ships - Il. 2.txt,Talaimenes,char-offset:18887,PERSON,,,,,,,,,"Chromis, Ennomos",,
c5fa17f9-188e-4a21-9277-eaf7aa4bec3a,Catalogue of ships - Il. 2.txt,Gygaean lake,char-offset:18918,PLACE,http://pleiades.stoa.org/places/550556,Gygaia/Koloe/Talaimenis L.,-0750/0300,38.614377,27.983474,lake,VERIFIED,,"Odios, Epistrophos",,
1fb1b719-69e9-4f0e-8127-1d9c353b97e7,Catalogue of ships - Il. 2.txt,Meonians,char-offset:18946,PLACE,http://pleiades.stoa.org/places/550710,Maionia/Mysia,-0330/0300,38.75,28.25,labeled feature,VERIFIED,Meonians,"Mesthles, Antiphos",,
cc96022b-e6fb-49ca-abdd-70f9e0a66585,Catalogue of ships - Il. 2.txt,Mount Tmolos,char-offset:18972,PLACE,http://pleiades.stoa.org/places/550936,"Tmolos/Aureliopolis|Tmolos/Aureliopolis, Gökkaya",-0030/0640,38.476241,27.877777,settlement,VERIFIED,Meonians,"Mesthles, Antiphos",,
2eb88e81-68ad-444d-80ec-c04cac1215aa,Catalogue of ships - Il. 2.txt,Nastes,char-offset:18986,PERSON,,,,,,,,,"Chromis, Ennomos",,
5865cf61-21d2-46c9-998f-c24d52575398,Catalogue of ships - Il. 2.txt,Carians,char-offset:19001,PLACE,http://pleiades.stoa.org/places/599564,Caria,-0750/0640,37.038339,27.423639000000000,labeled feature,VERIFIED,Carians,Nastes,,
7cd91402-278c-4a84-a8df-fe4e789746a1,Catalogue of ships - Il. 2.txt,Miletus,char-offset:19046,PLACE,http://pleiades.stoa.org/places/599799,"Miletus|Miletos/Miletus, Milet, Balat, Didim",-1750/2000,37.5292362,27.2774885,"theatre,settlement,port",VERIFIED,Carians,Nastes,,
cc862eb0-ed65-4e08-ae7d-ca0840f420f5,Catalogue of ships - Il. 2.txt,Phthires,char-offset:19081,PLACE,,,,,,,NOT_IDENTIFIABLE,Carians,Nastes,,
25228e7e-f923-4ee1-a33c-cdd1466fa504,Catalogue of ships - Il. 2.txt,Maeander,char-offset:19119,PLACE,http://pleiades.stoa.org/places/599777,Maeander (river),-0550/0640,37.6220196,27.4713446,river,VERIFIED,Carians,Nastes,,
c7523095-f12f-4393-918e-756fdcf44d60,Catalogue of ships - Il. 2.txt,Mount Mycale,char-offset:19152,PLACE,http://pleiades.stoa.org/places/599805,"Mycale M.|Mycale Mons, Samsun Dağ",-0750/0300,37.66144,27.12558,mountain,VERIFIED,Carians,Nastes,,
853db624-62db-4d7c-8e65-78ee63a38d81,Catalogue of ships - Il. 2.txt,Nastes,char-offset:19191,PERSON,,,,,,,,,"Chromis, Ennomos",,
a321008c-e1a6-4db5-a3ea-c3820554ee9a,Catalogue of ships - Il. 2.txt,Amphimakhos,char-offset:19202,PERSON,,,,,,,,,,,
13491e73-0323-48a5-8b54-35a00e569c94,Catalogue of ships - Il. 2.txt,Nomion,char-offset:19233,PERSON,,,,,,,,,"Chromis, Ennomos",,
b1c4d122-4ea7-44f3-af7b-43eba9686fba,Catalogue of ships - Il. 2.txt,Aiakos,char-offset:19418,PERSON,,,,,,,,,,,
25d99c90-901d-4045-94ce-a5a1816927e1,Catalogue of ships - Il. 2.txt,Achilles,char-offset:19431,PERSON,,,,,,,,,,,
4f7828aa-9048-49c3-a421-f8e65e1580fb,Catalogue of ships - Il. 2.txt,Sarpedon,char-offset:19460,PERSON,,,,,,,,,"Sarpedon, Glaukos",,
d8781d82-ec33-4025-9344-b9d729f1dde7,Catalogue of ships - Il. 2.txt,Glaukos,char-offset:19473,PERSON,,,,,,,,,"Sarpedon, Glaukos",,
f89681a3-8081-4831-988a-c19c20b8b9e7,Catalogue of ships - Il. 2.txt,Lycians,char-offset:19489,PLACE,http://pleiades.stoa.org/places/638965,Lycia,-0550/0640,36.513688333333300,29.129618500000000,region,VERIFIED,Lycians,"Sarpedon, Glaukos",,
dfb4d89b-b171-406b-b52a-abd5598ae6b4,Catalogue of ships - Il. 2.txt,Xanthos,char-offset:19551,PLACE,http://pleiades.stoa.org/places/845090,Xanthos (river),-0030/0300,40.5,33.5,river,VERIFIED,Lycians,"Sarpedon, Glaukos",,
