UUID,FILE,QUOTE_TRANSCRIPTION,ANCHOR,TYPE,URI,VOCAB_LABEL,VOCAB_TEMPORAL_BOUNDS,LAT,LNG,PLACE_TYPE,VERIFICATION_STATUS,TAGS,Authority Link,First-level tag,Second-level tag,Typology,Visited or referenced,Other,COMMENTS,GROUP_ID,GROUP_ORDER
3c878a88-c8df-4508-a894-a85192d3f6f5,anabasis_book3_english.txt,Greeks,char-offset:68,PLACE,http://pleiades.stoa.org/places/1001896,Hellas,-0550/2100,37.5,22.5,province,VERIFIED,https://en.wikipedia.org/wiki/Greeks.|collective|ethnic|region,https://en.wikipedia.org/wiki/Greeks,collective,ethnic,region,,,,,
b12b7e2b-22c0-4e6a-8232-595391888e56,anabasis_book3_english.txt,Cyrus,char-offset:118,PERSON,,,,,,,,https://en.wikipedia.org/wiki/Cyrus_the_Younger.|person,https://en.wikipedia.org/wiki/Cyrus_the_Younger,person,,,,,,,
649c2753-f85c-4392-b17c-679bd3e71267,anabasis_book3_english.txt,Cyrus,char-offset:197,PERSON,,,,,,,,https://en.wikipedia.org/wiki/Cyrus_the_Younger.|person,https://en.wikipedia.org/wiki/Cyrus_the_Younger,person,,,,,,,
d32ee397-bfb0-4154-8bdc-4a77630a2228,anabasis_book3_english.txt,Greeks,char-offset:213,PLACE,http://pleiades.stoa.org/places/1001896,Hellas,-0550/2100,37.5,22.5,province,VERIFIED,https://en.wikipedia.org/wiki/Greeks.|collective|ethnic|region,https://en.wikipedia.org/wiki/Greeks,collective,ethnic,region,,,,,
e095fce8-1163-4613-86fa-eb2850a0717c,anabasis_book3_english.txt,Tissaphernes,char-offset:246,PERSON,,,,,,,,https://en.wikipedia.org/wiki/Tissaphernes.|person,https://en.wikipedia.org/wiki/Tissaphernes,person,,,,,,,
5689ad3e-9dd2-433f-9855-7fcf885d27b5,anabasis_book3_english.txt,Greeks,char-offset:415,PLACE,http://pleiades.stoa.org/places/1001896,Hellas,-0550/2100,37.5,22.5,province,VERIFIED,https://en.wikipedia.org/wiki/Greeks.|collective|ethnic|region,https://en.wikipedia.org/wiki/Greeks,collective,ethnic,region,,,,,
7e68262f-8444-4808-97b8-899358ce6568,anabasis_book3_english.txt,Greece,char-offset:658,PLACE,http://pleiades.stoa.org/places/1001896,Hellas,-0550/2100,37.5,22.5,province,VERIFIED,https://en.wikipedia.org/wiki/Ancient_Greece.|location|region,https://en.wikipedia.org/wiki/Ancient_Greece,location,,region,,,,,
ad7aeb4a-921e-4fc5-937f-3d1d72eabe7e,anabasis_book3_english.txt,Cyrus,char-offset:884,PERSON,,,,,,,,https://en.wikipedia.org/wiki/Cyrus_the_Younger.|person,https://en.wikipedia.org/wiki/Cyrus_the_Younger,person,,,,,,,
9d6efa4c-0d77-4e80-894b-541475f3944d,anabasis_book3_english.txt,"Xenophon, an Athenian",char-offset:1625,PERSON,,,,,,,,https://en.wikipedia.org/wiki/Xenophon.|person,https://en.wikipedia.org/wiki/Xenophon,person,,,,,,,
0b62e180-cd13-473d-9203-69db6df05cfa,anabasis_book3_english.txt,Athenian,char-offset:1638,PLACE,http://pleiades.stoa.org/places/579885,"Athenae|Athenae, Athína",-0750/2100,37.971687,23.726464,settlement,VERIFIED,Athens|person|ethnic|referenced,https://en.wikipedia.org/wiki/Athens,person,ethnic,,referenced,,,,
a9172f86-2dd6-47eb-b5fa-8ea5575cd7f6,anabasis_book3_english.txt,Proxenus,char-offset:1740,PERSON,,,,,,,,https://en.wikipedia.org/wiki/Proxenus_of_Boeotia.|person,https://en.wikipedia.org/wiki/Proxenus_of_Boeotia,person,,,,,,,
2a9f1f21-3a10-4b09-ba76-66e3eccba5e5,anabasis_book3_english.txt,Proxenus,char-offset:1827,PERSON,,,,,,,,https://en.wikipedia.org/wiki/Proxenus_of_Boeotia.|person,https://en.wikipedia.org/wiki/Proxenus_of_Boeotia,person,,,,,,,
2aca7fda-e2c4-4038-8165-bef9d5bb5d47,anabasis_book3_english.txt,Cyrus,char-offset:1910,PERSON,,,,,,,,https://en.wikipedia.org/wiki/Cyrus_the_Younger.|person,https://en.wikipedia.org/wiki/Cyrus_the_Younger,person,,,,,,,
a6cd6c05-f72b-40a5-857b-cf612bfbaf6b,anabasis_book3_english.txt,Proxenus,char-offset:2019,PERSON,,,,,,,,https://en.wikipedia.org/wiki/Proxenus_of_Boeotia.|person,https://en.wikipedia.org/wiki/Proxenus_of_Boeotia,person,,,,,,,
cd7dc37b-cc96-47d3-ab70-236411f50992,anabasis_book3_english.txt,Xenophon,char-offset:2036,PERSON,,,,,,,,https://en.wikipedia.org/wiki/Xenophon.|person,https://en.wikipedia.org/wiki/Xenophon,person,,,,,,,
072a9225-5b66-4fca-900d-ed4bdfcaf92d,anabasis_book3_english.txt,"Socrates, the Athenian",char-offset:2060,PERSON,,,,,,,,https://en.wikipedia.org/wiki/Socrates.|person,https://en.wikipedia.org/wiki/Socrates,person,,,,,,,
fbe5b766-e605-4ad8-9410-d36ca10665c2,anabasis_book3_english.txt,the Athenian,char-offset:2070,PLACE,http://pleiades.stoa.org/places/579885,"Athenae|Athenae, Athína",-0750/2100,37.971687,23.726464,settlement,VERIFIED,Athens|person|ethnic|referenced,https://en.wikipedia.org/wiki/Athens.,person,ethnic,,referenced,,,,
1512b0ca-f51b-4135-8cb6-ec51ea6194af,anabasis_book3_english.txt,Socrates,char-offset:2116,PERSON,,,,,,,,https://en.wikipedia.org/wiki/Socrates.|person,https://en.wikipedia.org/wiki/Socrates,person,,,,,,,
01fa3843-6f93-4d3b-aab9-856a17e1ad9f,anabasis_book3_english.txt,Cyrus,char-offset:2167,PERSON,,,,,,,,https://en.wikipedia.org/wiki/Cyrus_the_Younger.|person,https://en.wikipedia.org/wiki/Cyrus_the_Younger,person,,,,,,,
2c61b53d-3051-4f2a-9dea-1f25f4390424,anabasis_book3_english.txt,Xenophon,char-offset:2213,PERSON,,,,,,,,https://en.wikipedia.org/wiki/Xenophon.|person,https://en.wikipedia.org/wiki/Xenophon,person,,,,,,,
7bc8efc9-ec15-4514-9f73-c9049874b4d4,anabasis_book3_english.txt,Athenian government,char-offset:2241,PLACE,http://pleiades.stoa.org/places/579885,"Athenae|Athenae, Athína",-0750/2100,37.971687,23.726464,settlement,VERIFIED,https://en.wikipedia.org/wiki/Athenian_democracy.|collective|organization,https://en.wikipedia.org/wiki/Athenian_democracy,collective,organization,,,,,,
b1b4d38b-fae8-4d60-a9d4-f7de2f52a6da,anabasis_book3_english.txt,Cyrus,char-offset:2282,PERSON,,,,,,,,https://en.wikipedia.org/wiki/Cyrus_the_Younger.|person,https://en.wikipedia.org/wiki/Cyrus_the_Younger,person,,,,,,,
79aafed4-2666-4606-b60f-ea85c9e05fbf,anabasis_book3_english.txt,Lacedaemonians,char-offset:2318,PLACE,http://pleiades.stoa.org/places/570685,"Sparta|Sparta/Sparte, Sparti",-0750/0300,37.08149,22.42454,"theatre,temple,settlement,temple-2",VERIFIED,https://en.wikipedia.org/wiki/Sparta.|collective|ethnic,https://en.wikipedia.org/wiki/Sparta,collective,ethnic,,,,,,
b4b8d02d-5098-4cae-a8fb-cff772d0de3f,anabasis_book3_english.txt,Athens,char-offset:2366,PLACE,http://pleiades.stoa.org/places/579885,"Athenae|Athenae, Athína",-0750/2100,37.971687,23.726464,settlement,VERIFIED,https://en.wikipedia.org/wiki/Athens.|location|referenced,https://en.wikipedia.org/wiki/Athens,location,,,referenced,,,,
b106dd6d-decc-426d-ac36-06dece80b391,anabasis_book3_english.txt,Xenophon,char-offset:2382,PERSON,,,,,,,,https://en.wikipedia.org/wiki/Xenophon.|person,https://en.wikipedia.org/wiki/Xenophon,person,,,,,,,
f020f04d-2156-45dd-94bb-603880a2cd39,anabasis_book3_english.txt,Delphi,char-offset:2400,PLACE,http://pleiades.stoa.org/places/540726,"Delphi|Delphi/Delphoi, Delphi",-0750/2100,38.482289,22.501169,"sanctuary,settlement",VERIFIED,https://en.wikipedia.org/wiki/Delphi.|location|referenced,https://en.wikipedia.org/wiki/Delphi,location,,,referenced,,,,
fd3e0146-84a2-4061-860b-f06fe3d1c08d,anabasis_book3_english.txt,Xenophon,char-offset:2459,PERSON,,,,,,,,https://en.wikipedia.org/wiki/Xenophon.|person,https://en.wikipedia.org/wiki/Xenophon,person,,,,,,,
35d02077-8f6e-436f-b424-3bd3a3e90cd8,anabasis_book3_english.txt,Apollo,char-offset:2483,PERSON,,,,,,,,https://en.wikipedia.org/wiki/Apollo.|person|mythological,https://en.wikipedia.org/wiki/Apollo,person,mythological,,,,,,
891c941e-e206-4dec-b7c0-996bfc00a495,anabasis_book3_english.txt,Apollo,char-offset:2691,PERSON,,,,,,,,https://en.wikipedia.org/wiki/Apollo.|person|mythological,https://en.wikipedia.org/wiki/Apollo,person,mythological,,,,,,
9dec4c5c-d07b-4aed-98fe-8616ad72951d,anabasis_book3_english.txt,Xenophon,char-offset:2762,PERSON,,,,,,,,https://en.wikipedia.org/wiki/Xenophon.|person,https://en.wikipedia.org/wiki/Xenophon,person,,,,,,,
f493dba7-446f-477a-8e21-888005e0530f,anabasis_book3_english.txt,Delphi,char-offset:2786,PLACE,http://pleiades.stoa.org/places/540726,"Delphi|Delphi/Delphoi, Delphi",-0750/2100,38.482289,22.501169,"sanctuary,settlement",VERIFIED,https://en.wikipedia.org/wiki/Delphi.|location|referenced,https://en.wikipedia.org/wiki/Delphi,location,,,referenced,,,,
a80d85f8-819b-4c86-a666-12bf4eb86cfa,anabasis_book3_english.txt,Socrates,char-offset:2820,PERSON,,,,,,,,https://en.wikipedia.org/wiki/Socrates.|person,https://en.wikipedia.org/wiki/Socrates,person,,,,,,,
a29512e2-c2bb-4e8d-a33d-d796083d2239,anabasis_book3_english.txt,Socrates,char-offset:2856,PERSON,,,,,,,,https://en.wikipedia.org/wiki/Socrates.|person,https://en.wikipedia.org/wiki/Socrates,person,,,,,,,
7d3c9115-ed74-4dd6-ace0-944de8fc8c96,anabasis_book3_english.txt,Xenophon,char-offset:3184,PERSON,,,,,,,,https://en.wikipedia.org/wiki/Xenophon.|person,https://en.wikipedia.org/wiki/Xenophon,person,,,,,,,
6f4b91ea-e768-4bb0-bddd-df2b80f07e36,anabasis_book3_english.txt,Apollo,char-offset:3254,PERSON,,,,,,,,https://en.wikipedia.org/wiki/Apollo.|person|mythological,https://en.wikipedia.org/wiki/Apollo,person,mythological,,,,,,
eab91886-6fcd-479c-9448-0052229d0c71,anabasis_book3_english.txt,Proxenus,char-offset:3301,PERSON,,,,,,,,https://en.wikipedia.org/wiki/Proxenus_of_Boeotia.|person,https://en.wikipedia.org/wiki/Proxenus_of_Boeotia,person,,,,,,,
0de8e8c9-d892-4adb-ad7c-0528d57fb782,anabasis_book3_english.txt,Cyrus,char-offset:3314,PERSON,,,,,,,,https://en.wikipedia.org/wiki/Cyrus_the_Younger.|person,https://en.wikipedia.org/wiki/Cyrus_the_Younger,person,,,,,,,
3cfb3c83-1c19-40e5-81ae-519bfd27711a,anabasis_book3_english.txt,Sardis,char-offset:3323,PLACE,http://pleiades.stoa.org/places/550867,"Sardis/Hyde?|Sardis/Hyde?, Sart",-1750/2000,38.488333,28.040278,settlement,VERIFIED,https://en.wikipedia.org/wiki/Sardis.|location,https://en.wikipedia.org/wiki/Sardis,location,,,referenced,,"visited vs. referenced here might need to be looked at, since this whole section is kind of a flashback/history contextualization. Also, confirm whether city/town/whatever tag is needed",,
3b3a5d2f-8dcf-4146-9e76-9fb6dd232d81,anabasis_book3_english.txt,Cyrus,char-offset:3409,PERSON,,,,,,,,https://en.wikipedia.org/wiki/Cyrus_the_Younger.|person,https://en.wikipedia.org/wiki/Cyrus_the_Younger,person,,,,,,,
de2cef38-6cc5-4af6-8222-b8ae330b5edc,anabasis_book3_english.txt,Proxenus,char-offset:3435,PERSON,,,,,,,,https://en.wikipedia.org/wiki/Proxenus_of_Boeotia.|person,https://en.wikipedia.org/wiki/Proxenus_of_Boeotia,person,,,,,,,
2af828bb-10f9-4015-aee1-402b1551fa21,anabasis_book3_english.txt,Cyrus,char-offset:3476,PERSON,,,,,,,,https://en.wikipedia.org/wiki/Cyrus_the_Younger.|person,https://en.wikipedia.org/wiki/Cyrus_the_Younger,person,,,,,,,
e8080e79-dc46-4499-a140-de60ceec8a19,anabasis_book3_english.txt,Xenophon,char-offset:3577,PERSON,,,,,,,,https://en.wikipedia.org/wiki/Xenophon.|person,https://en.wikipedia.org/wiki/Xenophon,person,,,,,,,
cc161c9a-5f5c-44b0-bc11-fe6b67306492,anabasis_book3_english.txt,Pisidians,char-offset:3653,PLACE,http://pleiades.stoa.org/places/639060,Pisidia,-0550/0640,37.25,30.75,region,VERIFIED,https://en.wikipedia.org/wiki/Pisidia.|collective|ethnic|region,https://en.wikipedia.org/wiki/Pisidia,collective,ethnic,region,,,,,
1d30b8f6-f380-4295-bb94-ac1e3e1a17b5,anabasis_book3_english.txt,Xenophon,char-offset:3698,PERSON,,,,,,,,https://en.wikipedia.org/wiki/Xenophon.|person,https://en.wikipedia.org/wiki/Xenophon,person,,,,,,,
390cfcdb-4677-4946-8dc9-748d68ceefb6,anabasis_book3_english.txt,Proxenus,char-offset:3787,PERSON,,,,,,,,https://en.wikipedia.org/wiki/Proxenus_of_Boeotia.|person,https://en.wikipedia.org/wiki/Proxenus_of_Boeotia,person,,,,,,,
b1da43c3-7bdc-48dc-8d08-c091c84b4118,anabasis_book3_english.txt,Greeks,char-offset:3894,PLACE,http://pleiades.stoa.org/places/1001896,Hellas,-0550/2100,37.5,22.5,province,VERIFIED,https://en.wikipedia.org/wiki/Greeks.|collective|ethnic|region,https://en.wikipedia.org/wiki/Greeks,collective,ethnic,region,,,,,
b984ef3c-094a-46cf-b449-dc26f6de8346,anabasis_book3_english.txt,Clearchus,char-offset:3923,PERSON,,,,,,,,https://en.wikipedia.org/wiki/Clearchus_of_Sparta.|person,https://en.wikipedia.org/wiki/Clearchus_of_Sparta,person,,,,,,,
37d4c6a6-c564-4b75-83b6-73b394eee774,anabasis_book3_english.txt,Cilicia,char-offset:3963,PLACE,http://pleiades.stoa.org/places/658440,Cilicia,-0550/0640,36.25,33.25,region,VERIFIED,https://en.wikipedia.org/wiki/Cilicia.|location|region,https://en.wikipedia.org/wiki/Cilicia,location,,region,,,,,
c7f545c9-4948-4167-ac28-85f114be3935,anabasis_book3_english.txt,Greeks,char-offset:4069,PLACE,http://pleiades.stoa.org/places/1001896,Hellas,-0550/2100,37.5,22.5,province,VERIFIED,https://en.wikipedia.org/wiki/Greeks.|collective|ethnic|region,https://en.wikipedia.org/wiki/Greeks,collective,ethnic,region,,,,,
f7f53d04-be92-4ef7-9823-5c0c073f9669,anabasis_book3_english.txt,Cyrus,char-offset:4203,PERSON,,,,,,,,https://en.wikipedia.org/wiki/Cyrus_the_Younger.|person,https://en.wikipedia.org/wiki/Cyrus_the_Younger,person,,,,,,,
dffdd089-4166-4013-9e3b-10306eb018f5,anabasis_book3_english.txt,Xenophon,char-offset:4234,PERSON,,,,,,,,https://en.wikipedia.org/wiki/Xenophon.|person,https://en.wikipedia.org/wiki/Xenophon,person,,,,,,,
7afe0568-373c-4fbe-87cd-c0d01f1d0c88,anabasis_book3_english.txt,Zeus,char-offset:4735,PERSON,,,,,,,,https://en.wikipedia.org/wiki/Zeus.|person|mythological,https://en.wikipedia.org/wiki/Zeus,person,mythological,,,,,,
9586e89b-b824-4a72-9103-3239fcaae657,anabasis_book3_english.txt,Zeus the King,char-offset:4832,PERSON,,,,,,,,https://en.wikipedia.org/wiki/Zeus.|person|mythological,https://en.wikipedia.org/wiki/Zeus,person,mythological,,,,,,
637312c8-f28b-4d12-9ee6-e17fb61fde41,anabasis_book3_english.txt,Proxenus,char-offset:5997,PERSON,,,,,,,,https://en.wikipedia.org/wiki/Proxenus_of_Boeotia.|person,https://en.wikipedia.org/wiki/Proxenus_of_Boeotia,person,,,,,,,
b58bbd70-50f1-4c2d-9264-9288ebaf20c5,anabasis_book3_english.txt,Xenophon,char-offset:9348,PERSON,,,,,,,,https://en.wikipedia.org/wiki/Xenophon.|person,https://en.wikipedia.org/wiki/Xenophon,person,,,,,,,
ea2a14ff-cc01-4dc7-9dc3-0dd72fe5efc4,anabasis_book3_english.txt,Apollonides,char-offset:9464,PERSON,,,,,,,,https://en.wikipedia.org/wiki/Apollonides_of_Boeotia.|person,https://en.wikipedia.org/wiki/Apollonides_of_Boeotia,person,,,,,,,
f0c52d2a-6974-4a15-883e-de8f20102994,anabasis_book3_english.txt,Boeotian,char-offset:9494,PLACE,http://pleiades.stoa.org/places/540689,Boeotia,-0550/0300,38.34668803,23.18467753,region,VERIFIED,Boeotia|language|region,https://en.wikipedia.org/wiki/Boeotia,language,,region,,,,,
529cb681-b9c0-4731-b934-8a2532f6c10a,anabasis_book3_english.txt,Xenophon,char-offset:9758,PERSON,,,,,,,,https://en.wikipedia.org/wiki/Xenophon.|person,https://en.wikipedia.org/wiki/Xenophon,person,,,,,,,
d2667db6-9887-4f2b-9609-31a3d19170e1,anabasis_book3_english.txt,Cyrus,char-offset:10043,PERSON,,,,,,,,https://en.wikipedia.org/wiki/Cyrus_the_Younger.|person,https://en.wikipedia.org/wiki/Cyrus_the_Younger,person,,,,,,,
90a503f8-ea8f-4aae-97f7-a1c5906e203f,anabasis_book3_english.txt,Greece,char-offset:11166,PLACE,http://pleiades.stoa.org/places/1001896,Hellas,-0550/2100,37.5,22.5,province,VERIFIED,https://en.wikipedia.org/wiki/Ancient_Greece.|location|region,https://en.wikipedia.org/wiki/Ancient_Greece,location,,region,,,,,
25ec5628-4c80-4e66-81fe-5c77d205a0c0,anabasis_book3_english.txt,Greek,char-offset:11189,PLACE,http://pleiades.stoa.org/places/1001896,Hellas,-0550/2100,37.5,22.5,province,VERIFIED,https://en.wikipedia.org/wiki/Greeks.|collective|ethnic|region,https://en.wikipedia.org/wiki/Greeks,collective,ethnic,region,,,,,
e45ea0e1-b0f0-4072-be29-250c6ed2e135,anabasis_book3_english.txt,"Agasias, a Stymphalian",char-offset:11245,PERSON,,,,,,,,https://en.wikipedia.org/wiki/Agasias_of_Arcadia.|person,https://en.wikipedia.org/wiki/Agasias_of_Arcadia,person,,,,,,,
e9b26383-7209-4188-b353-464030a5277e,anabasis_book3_english.txt,Stymphalian,char-offset:11256,PLACE,http://pleiades.stoa.org/places/570696,"Stymphalos|Stymphalos/Stymphelos, Stymphalia",-0750/0300,37.85932,22.45931,"theatre,settlement",VERIFIED,Stymphalus|person|ethnic|referenced,https://en.wikipedia.org/wiki/Stymphalus_(Arcadia),person,ethnic,,referenced,,,,
3cff61ec-fbf2-4998-a57e-c45537b30258,anabasis_book3_english.txt,Boeotia,char-offset:11348,PLACE,http://pleiades.stoa.org/places/540689,Boeotia,-0550/0300,38.34668803,23.18467753,region,VERIFIED,https://en.wikipedia.org/wiki/Boeotia.|location|region,https://en.wikipedia.org/wiki/Boeotia,location,,region,,,,,
c6942f7a-d80f-4d35-9031-d6e5f752f4ec,anabasis_book3_english.txt,Greece,char-offset:11376,PLACE,http://pleiades.stoa.org/places/1001896,Hellas,-0550/2100,37.5,22.5,province,VERIFIED,https://en.wikipedia.org/wiki/Ancient_Greece.|location|region,https://en.wikipedia.org/wiki/Ancient_Greece,location,,region,,,,,
76bcd439-5250-43fe-8ee9-c786e2eaf210,anabasis_book3_english.txt,Lydian,char-offset:11450,PLACE,http://pleiades.stoa.org/places/550701,Lydia/Maionia,-0750/0640,38.62477125,27.9632845,region,VERIFIED,https://en.wikipedia.org/wiki/Lydians.|collective|ethnic,https://en.wikipedia.org/wiki/Lydians,collective,ethnic,,,,,,
44af5c4d-5324-4c11-a1ab-ab1d03ea040f,anabasis_book3_english.txt,Hieronymus the Elean,char-offset:11994,PERSON,,,,,,,,hieronymus|person,hieronymus,person,,,,,,,
97605f0c-f9c4-4a1a-8952-5249d66bcbfa,anabasis_book3_english.txt,the Elean,char-offset:12005,PLACE,http://pleiades.stoa.org/places/570220,"Elis|Elis, Elis",-0750/0300,37.89131,21.37493,"theatre,settlement",VERIFIED,Elis|person|ethnic|region,https://en.wikipedia.org/wiki/Ancient_Elis,person,ethnic,region,,,,,
609dd45c-8e30-4e55-a67b-a2732482703d,anabasis_book3_english.txt,Proxenus,char-offset:12038,PERSON,,,,,,,,https://en.wikipedia.org/wiki/Proxenus_of_Boeotia.|person,https://en.wikipedia.org/wiki/Proxenus_of_Boeotia,person,,,,,,,
30e97aa1-0a28-4368-b2f7-a681e4a106a8,anabasis_book3_english.txt,Xenophon,char-offset:12299,PERSON,,,,,,,,https://en.wikipedia.org/wiki/Xenophon.|person,https://en.wikipedia.org/wiki/Xenophon,person,,,,,,,
db6d0f94-90ec-47b3-b492-34d4b6b7331d,anabasis_book3_english.txt,Xenophon,char-offset:12369,PERSON,,,,,,,,https://en.wikipedia.org/wiki/Xenophon.|person,https://en.wikipedia.org/wiki/Xenophon,person,,,,,,,
a7fb6516-5d3a-4164-80e1-f19c770e6ce1,anabasis_book3_english.txt,Tissaphernes,char-offset:12444,PERSON,,,,,,,,https://en.wikipedia.org/wiki/Tissaphernes.|person,https://en.wikipedia.org/wiki/Tissaphernes,person,,,,,,,
bd75dfc0-923f-4ac9-b620-ca5edd690da1,anabasis_book3_english.txt,Xenophon,char-offset:15699,PERSON,,,,,,,,https://en.wikipedia.org/wiki/Xenophon.|person,https://en.wikipedia.org/wiki/Xenophon,person,,,,,,,
1ddec71f-5892-4b27-b21b-f8fe83c8e9ea,anabasis_book3_english.txt,Cheirisophus,char-offset:15735,PERSON,,,,,,,,https://en.wikipedia.org/wiki/Cheirisophus_(general).|person,https://en.wikipedia.org/wiki/Cheirisophus_(general),person,,,,,,,
7a198016-4c2f-4691-80b0-e4d9eadd3653,anabasis_book3_english.txt,Xenophon,char-offset:15765,PERSON,,,,,,,,https://en.wikipedia.org/wiki/Xenophon.|person,https://en.wikipedia.org/wiki/Xenophon,person,,,,,,,
682c7517-1e7c-4143-ac55-6d23f3e81f97,anabasis_book3_english.txt,Athenian,char-offset:15844,PLACE,http://pleiades.stoa.org/places/579885,"Athenae|Athenae, Athína",-0750/2100,37.971687,23.726464,settlement,VERIFIED,Athens|person|ethnic|referenced,https://en.wikipedia.org/wiki/Athens,person,ethnic,,referenced,,,,
8e9237c0-7c46-460a-8b23-a36e866dc230,anabasis_book3_english.txt,Tolmides,char-offset:16332,PERSON,,,,,,,,tolmides|person,tolmides,person,,,,,,,
1161b6e9-7bde-4d10-816c-5c6d9d201426,anabasis_book3_english.txt,Timasion the Dardanian,char-offset:16511,PERSON,,,,,,,,timasion|person,timasion,person,,,,,,,
d5ef7f71-a6ca-4495-8a97-d08c2a62d192,anabasis_book3_english.txt,the Dardanian,char-offset:16520,PLACE,http://pleiades.stoa.org/places/501393,"Dardanos|Dardanos, Dardanos",-0750/0300,40.071124,26.385172,settlement,VERIFIED,https://en.wikipedia.org/wiki/Dardanus_(city).|person|ethnic|referenced|casestudy,https://en.wikipedia.org/wiki/Dardanus_(city),person,ethnic,,referenced,casestudy,"case study because this could either refer to dardanus (city) or the dardanoi tribe, and I can't really figure out which. Definitely needs to be looked through, Dardanian tag adjusted to whatever it actually is, and region or city/town and referenced tags added as necessary|The only argument I can think of is that it refers to Dardanus (city) because Timasion took the place of Clearchus, who was an exiled Spartan, but lived in the Troas region, and immediately after they put Xanthicles the Achaean in charge of what was formerly Socrates the Achaeans position, so perhaps they could be trying to keep similar ethnic/geographically associated leaders in charge of similar regiments?|The same ethnic replacement is made with Cleanor the Arcadian succeeding Agias the Arcadian, but the appointment immediately after is Philesus the Achaean succeeding Menon of Thessaly, so it's not strong evidence.|Update: looked at the Greek and it's Dardanus the city because the Greek is Δαρδανεύς which is the demonym of the city, whereas the tribe uses Δαρδάνιοι, Δάρδανοι. It would seem to me that the English form should be closer to Dardaneusian than Dardanian, but hey I'm not an etymologist",,
92e3a8fc-ac99-474c-b527-b3f00b20928a,anabasis_book3_english.txt,Clearchus,char-offset:16546,PERSON,,,,,,,,https://en.wikipedia.org/wiki/Clearchus_of_Sparta.|person,https://en.wikipedia.org/wiki/Clearchus_of_Sparta,person,,,,,,,
ea32b38d-bedc-441d-a9ce-20c83f563b7e,anabasis_book3_english.txt,Xanthicles the Achaean,char-offset:16557,PERSON,,,,,,,,xanthicles|person,xanthicles,person,,,,,,,
19f8260a-5773-4db9-9854-3fedda877977,anabasis_book3_english.txt,the Achaean,char-offset:16568,PLACE,http://pleiades.stoa.org/places/570028,Achaea/Achaia (region),-0750/0300,38.10212147,22.22458591,region,VERIFIED,Achaea|person|ethnic|region,https://en.wikipedia.org/wiki/Achaea,person,ethnic,region,,,,,
5880c9eb-0592-4233-aa32-3a17b150cbe5,anabasis_book3_english.txt,Socrates,char-offset:16592,PERSON,,,,,,,,https://en.wikipedia.org/wiki/Socrates_of_Achaea.|person,https://en.wikipedia.org/wiki/Socrates_of_Achaea,person,,,,,,,
286afcf7-5a34-4ced-8129-d4a2293fb488,anabasis_book3_english.txt,Cleanor the Arcadian,char-offset:16602,PERSON,,,,,,,,cleanorthearcadian|person,cleanorthearcadian,person,,,,,,,
56417b34-2031-46c1-9990-ceb0cda23b2a,anabasis_book3_english.txt,the Arcadian,char-offset:16610,PLACE,http://pleiades.stoa.org/places/570102,Arcadia,-0750/0300,37.56741927,22.1653231,region,VERIFIED,Arcadia|person|ethnic|region,https://en.wikipedia.org/wiki/Arcadia_(region),person,ethnic,region,,,,,
c2464172-b622-4723-8ff5-66f680a437d9,anabasis_book3_english.txt,Agias,char-offset:16635,PERSON,,,,,,,,agias|person,agias,person,,,,,,,
d25538a9-8a03-4200-b1f4-6689b67e221a,anabasis_book3_english.txt,Philesius the Achaean,char-offset:16642,PERSON,,,,,,,,philesius|person,philesius,person,,,,,,,
171c6f6e-7148-4d5d-a6e0-b9eb09a4df57,anabasis_book3_english.txt,the Achaean,char-offset:16652,PLACE,http://pleiades.stoa.org/places/570028,Achaea/Achaia (region),-0750/0300,38.10212147,22.22458591,region,VERIFIED,Achaea|person|ethnic|region,https://en.wikipedia.org/wiki/Achaea,person,ethnic,region,,,,,
5e71e98f-78cb-4b3d-bf87-93a42942d500,anabasis_book3_english.txt,Menon,char-offset:16676,PERSON,,,,,,,,https://en.wikipedia.org/wiki/Meno_(general).|person,https://en.wikipedia.org/wiki/Meno_(general),person,,,,,,,
09f99b41-5fae-4a66-8582-0f9724742b28,anabasis_book3_english.txt,Xenophon the Athenian,char-offset:16687,PERSON,,,,,,,,https://en.wikipedia.org/wiki/Xenophon.|person,https://en.wikipedia.org/wiki/Xenophon,person,,,,,,,
f80e9c79-95d2-42be-a946-8a2da288a77b,anabasis_book3_english.txt,the Athenian,char-offset:16696,PLACE,http://pleiades.stoa.org/places/579885,"Athenae|Athenae, Athína",-0750/2100,37.971687,23.726464,settlement,VERIFIED,Athens|person|ethnic|referenced,https://en.wikipedia.org/wiki/Athens,person,ethnic,,referenced,,,,
15627999-b88a-4887-b09d-3971292180fd,anabasis_book3_english.txt,Proxenus,char-offset:16721,PERSON,,,,,,,,https://en.wikipedia.org/wiki/Proxenus_of_Boeotia.|person,https://en.wikipedia.org/wiki/Proxenus_of_Boeotia,person,,,,,,,
707f0ffb-8a58-4f08-964f-95027720c7e8,anabasis_book3_english.txt,Cheirisophus the Lacedaemonian,char-offset:16990,PERSON,,,,,,,,https://en.wikipedia.org/wiki/Cheirisophus_(general).|person,https://en.wikipedia.org/wiki/Cheirisophus_(general),person,,,,,,,
4f070974-c12c-4550-929d-33b398fa10ab,anabasis_book3_english.txt,the Lacedaemonian,char-offset:17003,PLACE,http://pleiades.stoa.org/places/570685,"Sparta|Sparta/Sparte, Sparti",-0750/0300,37.08149,22.42454,"theatre,temple,settlement,temple-2",VERIFIED,Lacedaemon|person|ethnic|referenced,https://en.wikipedia.org/wiki/Sparta,person,ethnic,,referenced,,,,
a21598e4-b541-4ee5-95bc-b412a3b90d39,anabasis_book3_english.txt,Ariaeus,char-offset:17205,PERSON,,,,,,,,Ariaeus|person,https://en.wikipedia.org/wiki/Ariaeus,person,,,,,,,
b46deb4f-0316-4327-a6a7-1fc6d83dde15,anabasis_book3_english.txt,Cleanor the Orchomenian,char-offset:17680,PERSON,,,,,,,,cleanortheorchomenian|person|casestudy,cleanortheorchomenian,person,,,,casestudy,case study reasons laid out in book 2,,
3944e870-e2a0-4f43-9501-6e5f33892d99,anabasis_book3_english.txt,the Orchomenian,char-offset:17688,PLACE,http://pleiades.stoa.org/places/540987,"Orchomenos/Orchomenus|Orchomenos, Orchomenos",-0750/0640,38.495082,22.959486,settlement,VERIFIED,Orchomenus|person|ethnic|referenced,https://en.wikipedia.org/wiki/Orchomenus_(Boeotia),person,ethnic,,referenced,,,,
74a76e2f-12c1-481f-92f3-ce2c46054182,anabasis_book3_english.txt,Tissaphernes,char-offset:17839,PERSON,,,,,,,,https://en.wikipedia.org/wiki/Tissaphernes.|person,https://en.wikipedia.org/wiki/Tissaphernes,person,,,,,,,
231ed66f-897b-4205-98bc-99baa1d70dc2,anabasis_book3_english.txt,Tissaphernes,char-offset:17860,PERSON,,,,,,,,https://en.wikipedia.org/wiki/Tissaphernes.|person,https://en.wikipedia.org/wiki/Tissaphernes,person,,,,,,,
75054434-ffe3-42ff-90c5-3edc43c160bc,anabasis_book3_english.txt,Greece,char-offset:17909,PLACE,http://pleiades.stoa.org/places/1001896,Hellas,-0550/2100,37.5,22.5,province,VERIFIED,https://en.wikipedia.org/wiki/Ancient_Greece.|location|region,https://en.wikipedia.org/wiki/Ancient_Greece,location,,region,,,,,
3c090ff7-8119-42e5-913a-662ea73aeaa3,anabasis_book3_english.txt,Tissaphernes,char-offset:18045,PERSON,,,,,,,,https://en.wikipedia.org/wiki/Tissaphernes.|person,https://en.wikipedia.org/wiki/Tissaphernes,person,,,,,,,
8be83cc3-8230-4618-a19e-6666f3c74a7e,anabasis_book3_english.txt,"Zeus, the god of hospitality",char-offset:18197,PERSON,,,,,,,,https://en.wikipedia.org/wiki/Zeus.|person|mythological,https://en.wikipedia.org/wiki/Zeus,person,mythological,,,,"Δία ξένιον in Greek, so annotated as such.",,
461cbf6a-99e6-49f7-bd1c-77468846c763,anabasis_book3_english.txt,Clearchus,char-offset:18251,PERSON,,,,,,,,https://en.wikipedia.org/wiki/Clearchus_of_Sparta.|person,https://en.wikipedia.org/wiki/Clearchus_of_Sparta,person,,,,,,,
eab2564a-3c1c-432d-b57d-2cb412fa783b,anabasis_book3_english.txt,Ariaeus,char-offset:18360,PERSON,,,,,,,,Ariaeus|person,https://en.wikipedia.org/wiki/Ariaeus,person,,,,,,,
8bfcbeb1-fdef-4704-acc2-6138edb4d47c,anabasis_book3_english.txt,Cyrus,char-offset:18536,PERSON,,,,,,,,https://en.wikipedia.org/wiki/Cyrus_the_Younger.|person,https://en.wikipedia.org/wiki/Cyrus_the_Younger,person,,,,,,,
ad00da0b-d2a4-433d-a691-3cc1a5e3f219,anabasis_book3_english.txt,Cyrus,char-offset:18588,PERSON,,,,,,,,https://en.wikipedia.org/wiki/Cyrus_the_Younger.|person,https://en.wikipedia.org/wiki/Cyrus_the_Younger,person,,,,,,,
8cf6ee87-c455-43c7-a9f4-6a12c0c50c6b,anabasis_book3_english.txt,Cyrus,char-offset:18655,PERSON,,,,,,,,https://en.wikipedia.org/wiki/Cyrus_the_Younger.|person,https://en.wikipedia.org/wiki/Cyrus_the_Younger,person,,,,,,,
5bc3269d-3d52-4e44-b5b9-99d08b58b525,anabasis_book3_english.txt,Cyrus,char-offset:18711,PERSON,,,,,,,,https://en.wikipedia.org/wiki/Cyrus_the_Younger.|person,https://en.wikipedia.org/wiki/Cyrus_the_Younger,person,,,,,,,
0cdd229c-bc58-4c4e-9005-869947e6291b,anabasis_book3_english.txt,Xenophon,char-offset:18952,PERSON,,,,,,,,https://en.wikipedia.org/wiki/Xenophon.|person,https://en.wikipedia.org/wiki/Xenophon,person,,,,,,,
c9802012-a902-4398-9b11-1cc9eb546cd6,anabasis_book3_english.txt,Cleanor,char-offset:19393,PERSON,,,,,,,,cleanortheorchomenian|person|casestudy,cleanortheorchomenian,person,,,,casestudy,,,
db834db9-bff3-4aff-b0d4-177166c06bdc,anabasis_book3_english.txt,Xenophon,char-offset:20002,PERSON,,,,,,,,https://en.wikipedia.org/wiki/Xenophon.|person,https://en.wikipedia.org/wiki/Xenophon,person,,,,,,,
8d623bfd-a34b-476c-9831-4c33a126101c,anabasis_book3_english.txt,Zeus the Saviour,char-offset:20109,PERSON,,,,,,,,Zeus|person|mythological,https://en.wikipedia.org/wiki/Zeus,person,mythological,,,,,,
08d3124f-e3a8-4bca-b2b8-41bcc2f5c3c9,anabasis_book3_english.txt,Xenophon,char-offset:20573,PERSON,,,,,,,,https://en.wikipedia.org/wiki/Xenophon.|person,https://en.wikipedia.org/wiki/Xenophon,person,,,,,,,
69e77732-0a1c-470f-92d2-b191a2623d4b,anabasis_book3_english.txt,Persians,char-offset:21336,PLACE,http://pleiades.stoa.org/places/541063,"Plataea|Plataiai, Kokkla",-0750/0640,38.221019,23.273866,settlement,UNVERIFIED,https://en.wikipedia.org/wiki/Persians.|collective|ethnic|region,https://en.wikipedia.org/wiki/Persians,collective,ethnic,region,,,,,
fced73b0-3659-4e16-b6ec-6009cc47d09a,anabasis_book3_english.txt,Athens,char-offset:21396,PLACE,http://pleiades.stoa.org/places/579885,"Athenae|Athenae, Athína",-0750/2100,37.971687,23.726464,settlement,VERIFIED,https://en.wikipedia.org/wiki/Athens.|location|referenced,https://en.wikipedia.org/wiki/Athens,location,,,referenced,,,,
395d0fa7-c670-4893-b264-8113cace2eae,anabasis_book3_english.txt,Athenians,char-offset:21425,PLACE,http://pleiades.stoa.org/places/579885,"Athenae|Athenae, Athína",-0750/2100,37.971687,23.726464,settlement,VERIFIED,https://en.wikipedia.org/wiki/Athens.|collective|ethnic|referenced,https://en.wikipedia.org/wiki/Athens,collective,ethnic,,referenced,,,,
4105522d-0763-4cbd-8fb3-12ea8b7ac5d0,anabasis_book3_english.txt,Artemis,char-offset:21522,PERSON,,,,,,,,https://en.wikipedia.org/wiki/Artemis.|person|mythological,https://en.wikipedia.org/wiki/Artemis,person,mythological,,,,,,
7e6e9885-3b4b-417e-a69c-a27b1e1754dc,anabasis_book3_english.txt,Xerxes,char-offset:21780,PERSON,,,,,,,,https://en.wikipedia.org/wiki/Xerxes_I.|person,https://en.wikipedia.org/wiki/Xerxes_I,person,,,,,,,
d3fc3f72-2c46-4c17-a0a7-444ef00bcbd1,anabasis_book3_english.txt,Greece,char-offset:21858,PLACE,http://pleiades.stoa.org/places/1001896,Hellas,-0550/2100,37.5,22.5,province,VERIFIED,https://en.wikipedia.org/wiki/Ancient_Greece.|location|region,https://en.wikipedia.org/wiki/Ancient_Greece,location,,region,,,,,
f15e0686-a609-4f54-9e5a-1c0e9d59c590,anabasis_book3_english.txt,Persians,char-offset:22430,PLACE,http://pleiades.stoa.org/places/541063,"Plataea|Plataiai, Kokkla",-0750/0640,38.221019,23.273866,settlement,UNVERIFIED,https://en.wikipedia.org/wiki/Persians.|collective|ethnic|region,https://en.wikipedia.org/wiki/Persians,collective,ethnic,region,,,,,
0df92470-c98a-4b94-ae76-93b3758314bd,anabasis_book3_english.txt,Cyrus,char-offset:22553,PERSON,,,,,,,,https://en.wikipedia.org/wiki/Cyrus_the_Younger.|person,https://en.wikipedia.org/wiki/Cyrus_the_Younger,person,,,,,,,
3df46af0-b12e-43b8-b6e7-a1ed8942ffb9,anabasis_book3_english.txt,Ariaeus,char-offset:23289,PERSON,,,,,,,,Ariaeus|person,https://en.wikipedia.org/wiki/Ariaeus,person,,,,,,,
bcc9238c-8544-4b55-9fb4-5f21bf6d106f,anabasis_book3_english.txt,Tissaphernes,char-offset:24499,PERSON,,,,,,,,https://en.wikipedia.org/wiki/Tissaphernes.|person,https://en.wikipedia.org/wiki/Tissaphernes,person,,,,,,,
53e8fde5-c979-43b8-aebe-d1f7cfa388fa,anabasis_book3_english.txt,Tissaphernes,char-offset:24630,PERSON,,,,,,,,https://en.wikipedia.org/wiki/Tissaphernes.|person,https://en.wikipedia.org/wiki/Tissaphernes,person,,,,,,,
8e851ea2-5f91-4f9a-9a9b-8b84ccbf7d24,anabasis_book3_english.txt,Mysians,char-offset:25894,PLACE,http://pleiades.stoa.org/places/511328,Mysia,-0750/-0330,40.25,27.75,labeled feature,VERIFIED,Mysia|collective|ethnic|region,https://en.wikipedia.org/wiki/Mysia,collective,ethnic,region,,,,,
99efdfbe-b304-4b71-8b17-d5e5fff760b5,anabasis_book3_english.txt,Pisidians,char-offset:26064,PLACE,http://pleiades.stoa.org/places/639060,Pisidia,-0550/0640,37.25,30.75,region,VERIFIED,https://en.wikipedia.org/wiki/Pisidia.|collective|ethnic|region,https://en.wikipedia.org/wiki/Pisidia,collective,ethnic,region,,,,,
b6b8115c-cf95-4d0c-b5b2-6c2939b37406,anabasis_book3_english.txt,Lycaonians,char-offset:26090,PLACE,http://pleiades.stoa.org/places/982262,Lycaonia,-0030/0300,37.5,32.5,province,VERIFIED,https://en.wikipedia.org/wiki/Lycaonia.|collective|ethnic|region,https://en.wikipedia.org/wiki/Lycaonia,collective,ethnic,region,,,,,
d806ea7b-deab-4cce-a6a9-f713608812c1,anabasis_book3_english.txt,Persians,char-offset:26233,PLACE,http://pleiades.stoa.org/places/541063,"Plataea|Plataiai, Kokkla",-0750/0640,38.221019,23.273866,settlement,UNVERIFIED,https://en.wikipedia.org/wiki/Persians.|collective|ethnic|region,https://en.wikipedia.org/wiki/Persians,collective,ethnic,region,,,,,
855f7920-72c6-46fd-962d-6210ca674d32,anabasis_book3_english.txt,Mysians,char-offset:26460,PLACE,http://pleiades.stoa.org/places/511328,Mysia,-0750/-0330,40.25,27.75,labeled feature,VERIFIED,Mysia|collective|ethnic|region,https://en.wikipedia.org/wiki/Mysia,collective,ethnic,region,,,,,
aa606417-7cdb-4bd4-bd8e-57895fceb61b,anabasis_book3_english.txt,Medes,char-offset:26966,PLACE,http://pleiades.stoa.org/places/903080,Media/Mad(aya),-0750/0640,34.5,46.5,region,VERIFIED,https://en.wikipedia.org/wiki/Media_(region).|collective|ethnic|region,https://en.wikipedia.org/wiki/Media_(region),collective,ethnic,region,,,,,
312d66d0-99ff-4997-83b8-436983b8047c,anabasis_book3_english.txt,Persians,char-offset:26976,PLACE,http://pleiades.stoa.org/places/541063,"Plataea|Plataiai, Kokkla",-0750/0640,38.221019,23.273866,settlement,UNVERIFIED,https://en.wikipedia.org/wiki/Persians.|collective|ethnic|region,https://en.wikipedia.org/wiki/Persians,collective,ethnic,region,,,,,
8c37b0eb-9427-47f5-bb98-37f64129af23,anabasis_book3_english.txt,Greece,char-offset:27162,PLACE,http://pleiades.stoa.org/places/1001896,Hellas,-0550/2100,37.5,22.5,province,VERIFIED,https://en.wikipedia.org/wiki/Ancient_Greece.|location|region,https://en.wikipedia.org/wiki/Ancient_Greece,location,,region,,,,,
1a272eeb-cdde-485e-be7c-b1524196c553,anabasis_book3_english.txt,Greeks,char-offset:27194,PLACE,http://pleiades.stoa.org/places/1001896,Hellas,-0550/2100,37.5,22.5,province,VERIFIED,https://en.wikipedia.org/wiki/Greeks.|collective|ethnic|region,https://en.wikipedia.org/wiki/Greeks,collective,ethnic,region,,,,,
df7bdc98-fa6b-49d8-8cdb-02b9dd0de8ff,anabasis_book3_english.txt,Xenophon,char-offset:27650,PERSON,,,,,,,,https://en.wikipedia.org/wiki/Xenophon.|person,https://en.wikipedia.org/wiki/Xenophon,person,,,,,,,
bf0812f9-32ad-4548-a1bb-22dfd554117e,anabasis_book3_english.txt,Clearchus,char-offset:29346,PERSON,,,,,,,,https://en.wikipedia.org/wiki/Clearchus_of_Sparta.|person,https://en.wikipedia.org/wiki/Clearchus_of_Sparta,person,,,,,,,
4359a458-bdb0-4d08-80b8-07f68887fee8,anabasis_book3_english.txt,Cheirisophus,char-offset:29840,PERSON,,,,,,,,https://en.wikipedia.org/wiki/Cheirisophus_(general).|person,https://en.wikipedia.org/wiki/Cheirisophus_(general),person,,,,,,,
b974ea81-3cf5-465e-b95e-2adea446cfd3,anabasis_book3_english.txt,Xenophon,char-offset:29948,PERSON,,,,,,,,https://en.wikipedia.org/wiki/Xenophon.|person,https://en.wikipedia.org/wiki/Xenophon,person,,,,,,,
fc976405-64ac-44ef-bcb3-6cd9155430ac,anabasis_book3_english.txt,Xenophon,char-offset:30175,PERSON,,,,,,,,https://en.wikipedia.org/wiki/Xenophon.|person,https://en.wikipedia.org/wiki/Xenophon,person,,,,,,,
fc948ed3-fcc0-4ae5-ae97-275402bf9d38,anabasis_book3_english.txt,Cheirisophus,char-offset:31274,PERSON,,,,,,,,https://en.wikipedia.org/wiki/Cheirisophus_(general).|person,https://en.wikipedia.org/wiki/Cheirisophus_(general),person,,,,,,,
563f9615-6dbd-4d0e-9102-e4f0de57afdd,anabasis_book3_english.txt,Lacedaemonian,char-offset:31327,PLACE,http://pleiades.stoa.org/places/570685,"Sparta|Sparta/Sparte, Sparti",-0750/0300,37.08149,22.42454,"theatre,temple,settlement,temple-2",VERIFIED,https://en.wikipedia.org/wiki/Sparta.|person|ethnic|referenced,https://en.wikipedia.org/wiki/Sparta,person,ethnic,,referenced,,,,
8608f17a-00e2-4284-9213-19deadfceaf5,anabasis_book3_english.txt,Timasion,char-offset:31454,PERSON,,,,,,,,timasion|person,timasion,person,,,,,,,
c5a8d1cb-744f-4d17-ab6d-cab15fc16300,anabasis_book3_english.txt,Xenophon,char-offset:31709,PERSON,,,,,,,,https://en.wikipedia.org/wiki/Xenophon.|person,https://en.wikipedia.org/wiki/Xenophon,person,,,,,,,
4176c9f1-66bc-4d17-8767-66df1694d53a,anabasis_book3_english.txt,Xenophon,char-offset:32394,PERSON,,,,,,,,https://en.wikipedia.org/wiki/Xenophon.|person,https://en.wikipedia.org/wiki/Xenophon,person,,,,,,,
eac357fb-69f4-4aac-ab67-9123dd9246a6,anabasis_book3_english.txt,Mithradates,char-offset:32733,PERSON,,,,,,,,mithradates|person|casestudy,mithradates,person,,,,casestudy,"as with book 2, needs further research to figure out which one this is|Ok, so after chasing a fair amount of rabbit holes, I think that if this Mithradates was to be anyone found elsewhere in the historical record, it would Mithradates, Satrap of Cappadocia. The Greek in this section and later in 7.8.25, when the satrap is mentioned, is the same (Μιθραδάτης). Mithradates of Cius, mentioned in Xenophon's Cyropaedia (who also might be the same person as Mithradates II of Cius(??) who is mentioned by Diodorus) has a one-letter difference (Μιθριδάτης). This is absolutely not strong evidence on its own, and I think it's entirely plausible the letter was changed when the name was Latinized (or it's a mispelling). However, if Mithradates of Cius and Mithradates II of Cius are the same person, than it's extremely unlikely he is this Mithradates, as Lucian of Samosata gives Mithradates II of Cius' age at death as 84 in what is now 302 BCE, which means he wouldn't have even been born by the time the Anabasis takes place, and Lucian would have to be off by ~30 years or so for it to line up.  Due to the lack of decisive evidence, however, I won't be linking Satrap Mithradates' wikipedia entry to this annotation and will leave it blank.",,
0abaa723-8db7-42db-bec4-b29d45ddf73f,anabasis_book3_english.txt,Greek,char-offset:32797,PLACE,http://pleiades.stoa.org/places/1001896,Hellas,-0550/2100,37.5,22.5,province,VERIFIED,https://en.wikipedia.org/wiki/Greeks.|collective|ethnic|region,https://en.wikipedia.org/wiki/Greeks,collective,ethnic,region,,,,,
96b148dd-4744-4a19-aa7f-b381a45e91ff,anabasis_book3_english.txt,Greece,char-offset:32860,PLACE,http://pleiades.stoa.org/places/1001896,Hellas,-0550/2100,37.5,22.5,province,VERIFIED,https://en.wikipedia.org/wiki/Ancient_Greece.|collective|ethnic|region,https://en.wikipedia.org/wiki/Ancient_Greece,collective,ethnic,region,,,"The Greek uses “ἄνδρες Ἕλληνες” so the translation “Men of Greece” doesn’t as clearly capture that it’s an adjective ethnic identifier in the original text. Given that “Greek men” is just as reasonable a translation, I annotated it as collective.ethnic",,
3bca22fd-f5c6-4f6d-951a-0e84b8db403d,anabasis_book3_english.txt,Cyrus,char-offset:32886,PERSON,,,,,,,,https://en.wikipedia.org/wiki/Cyrus_the_Younger.|person,https://en.wikipedia.org/wiki/Cyrus_the_Younger,person,,,,,,,
d4062b40-2a41-42cf-9783-d27fc0ec9510,anabasis_book3_english.txt,Cheirisophus,char-offset:33337,PERSON,,,,,,,,https://en.wikipedia.org/wiki/Cheirisophus_(general).|person,https://en.wikipedia.org/wiki/Cheirisophus_(general),person,,,,,,,
19d64f4f-70a3-4109-b812-f7ace27d622f,anabasis_book3_english.txt,Mithradates,char-offset:33621,PERSON,,,,,,,,mithradates|person|casestudy,mithradates,person,,,,casestudy,"as with book 2, needs further research to figure out which one this is|Ok, so after chasing a fair amount of rabbit holes, I think that if this Mithradates was to be anyone found elsewhere in the historical record, it would Mithradates, Satrap of Cappadocia. The Greek in this section and later in 7.8.25, when the satrap is mentioned, is the same (Μιθραδάτης). Mithradates of Cius, mentioned in Xenophon's Cyropaedia (who also might be the same person as Mithradates II of Cius(??) who is mentioned by Diodorus) has a one-letter difference (Μιθριδάτης). This is absolutely not strong evidence on its own, and I think it's entirely plausible the letter was changed when the name was Latinized (or it's a mispelling). However, if Mithradates of Cius and Mithradates II of Cius are the same person, than it's extremely unlikely he is this Mithradates, as Lucian of Samosata gives Mithradates II of Cius' age at death as 84 in what is now 302 BCE, which means he wouldn't have even been born by the time the Anabasis takes place, and Lucian would have to be off by ~30 years or so for it to line up.  Due to the lack of decisive evidence, however, I won't be linking Satrap Mithradates' wikipedia entry to this annotation and will leave it blank.",,
1438df71-163d-4816-ae73-45c98cea4e06,anabasis_book3_english.txt,Greeks,char-offset:33770,PLACE,http://pleiades.stoa.org/places/1001896,Hellas,-0550/2100,37.5,22.5,province,VERIFIED,https://en.wikipedia.org/wiki/Greeks.|collective|ethnic|region,https://en.wikipedia.org/wiki/Greeks,collective,ethnic,region,,,,,
e31a7b1c-c767-4fdf-b4b2-5f92cb100ccf,anabasis_book3_english.txt,Tissaphernes,char-offset:33832,PERSON,,,,,,,,https://en.wikipedia.org/wiki/Tissaphernes.|person,https://en.wikipedia.org/wiki/Tissaphernes,person,,,,,,,
c315305c-b8d7-43b3-a4f1-0de8414bab74,anabasis_book3_english.txt,Nicarchus the Arcadian,char-offset:34182,PERSON,,,,,,,,nicarchus|person,nicarchus,person,,,,,,,
0ff4b219-c6e5-4189-8eac-43c294b8b41d,anabasis_book3_english.txt,the Arcadian,char-offset:34192,PLACE,http://pleiades.stoa.org/places/570102,Arcadia,-0750/0300,37.56741927,22.1653231,region,VERIFIED,Arcadia|person|ethnic|region,https://en.wikipedia.org/wiki/Arcadia_(region),person,ethnic,region,,,,,
41bc566d-0e2a-4aa0-a69b-0f8488c4cb16,anabasis_book3_english.txt,Zapatas,char-offset:34353,PLACE,http://pleiades.stoa.org/places/894183,Zabas Megas (river),-2000/2000,36.4143994,43.8178604,river,VERIFIED,https://en.wikipedia.org/wiki/Great_Zab.|location|river|casestudy,https://en.wikipedia.org/wiki/Great_Zab,location,,river,,casestudy,"Case study because it seems to be the Nimrud river, but need to look into further to confirm|Ok so the river actually appears to be the Zabas Megas/Great Zab, though possibly a smaller tributary. The Zabas Mega is the same river that flowed by Nimrud, has tributaries in the general area where Xenophon is, and meets the Tigris nearby too.",,
6f251d73-d1fb-4e8a-af70-2514be2bbf20,anabasis_book3_english.txt,Mithradates,char-offset:34533,PERSON,,,,,,,,mithradates|person|casestudy,mithradates,person,,,,casestudy,"as with book 2, needs further research to figure out which one this is|Ok, so after chasing a fair amount of rabbit holes, I think that if this Mithradates was to be anyone found elsewhere in the historical record, it would Mithradates, Satrap of Cappadocia. The Greek in this section and later in 7.8.25, when the satrap is mentioned, is the same (Μιθραδάτης). Mithradates of Cius, mentioned in Xenophon's Cyropaedia (who also might be the same person as Mithradates II of Cius(??) who is mentioned by Diodorus) has a one-letter difference (Μιθριδάτης). This is absolutely not strong evidence on its own, and I think it's entirely plausible the letter was changed when the name was Latinized (or it's a mispelling). However, if Mithradates of Cius and Mithradates II of Cius are the same person, than it's extremely unlikely he is this Mithradates, as Lucian of Samosata gives Mithradates II of Cius' age at death as 84 in what is now 302 BCE, which means he wouldn't have even been born by the time the Anabasis takes place, and Lucian would have to be off by ~30 years or so for it to line up.  Due to the lack of decisive evidence, however, I won't be linking Satrap Mithradates' wikipedia entry to this annotation and will leave it blank.",,
3dcd22bd-d3a3-4cca-af39-9e1231fec7d6,anabasis_book3_english.txt,Greeks,char-offset:34718,PLACE,http://pleiades.stoa.org/places/1001896,Hellas,-0550/2100,37.5,22.5,province,VERIFIED,https://en.wikipedia.org/wiki/Greeks.|collective|ethnic|region,https://en.wikipedia.org/wiki/Greeks,collective,ethnic,region,,,,,
827c3e1d-775e-43df-bd82-93f71e1612dc,anabasis_book3_english.txt,Greek,char-offset:34929,PLACE,http://pleiades.stoa.org/places/1001896,Hellas,-0550/2100,37.5,22.5,province,VERIFIED,https://en.wikipedia.org/wiki/Greeks.|collective|ethnic|region,https://en.wikipedia.org/wiki/Greeks,collective,ethnic,region,,,,,
36d5afd0-1c28-4bd6-98a2-7cb126f5d335,anabasis_book3_english.txt,Cretan,char-offset:35008,PLACE,http://pleiades.stoa.org/places/589748,Creta (island),-0750/2100,35.21984439,24.99576997,island,VERIFIED,https://en.wikipedia.org/wiki/Crete.|collective|ethnic|region,https://en.wikipedia.org/wiki/Crete,collective,ethnic,region,,,,,
12613b2e-573c-48db-a009-fef3a95d80db,anabasis_book3_english.txt,Persians,char-offset:35060,PLACE,http://pleiades.stoa.org/places/541063,"Plataea|Plataiai, Kokkla",-0750/0640,38.221019,23.273866,settlement,UNVERIFIED,https://en.wikipedia.org/wiki/Persians.|collective|ethnic|region,https://en.wikipedia.org/wiki/Persians,collective,ethnic,region,,,,,
2cd03358-d5fd-4671-9957-3401ebdd45ca,anabasis_book3_english.txt,Greek,char-offset:35169,PLACE,http://pleiades.stoa.org/places/1001896,Hellas,-0550/2100,37.5,22.5,province,VERIFIED,https://en.wikipedia.org/wiki/Greeks.|collective|ethnic|region,https://en.wikipedia.org/wiki/Greeks,collective,ethnic,region,,,,,
b48b04fa-89af-4374-aa24-67d7d66142bf,anabasis_book3_english.txt,Xenophon,char-offset:35247,PERSON,,,,,,,,https://en.wikipedia.org/wiki/Xenophon.|person,https://en.wikipedia.org/wiki/Xenophon,person,,,,,,,
1187b097-df9a-4ca4-86ee-f7eaa381f915,anabasis_book3_english.txt,Persians,char-offset:35303,PLACE,http://pleiades.stoa.org/places/541063,"Plataea|Plataiai, Kokkla",-0750/0640,38.221019,23.273866,settlement,UNVERIFIED,https://en.wikipedia.org/wiki/Persians.|collective|ethnic|region,https://en.wikipedia.org/wiki/Persians,collective,ethnic,region,,,,,
835ee3cf-a157-40ca-a539-c9eb5a89cf12,anabasis_book3_english.txt,Greeks,char-offset:35486,PLACE,http://pleiades.stoa.org/places/1001896,Hellas,-0550/2100,37.5,22.5,province,VERIFIED,https://en.wikipedia.org/wiki/Greeks.|collective|ethnic|region,https://en.wikipedia.org/wiki/Greeks,collective,ethnic,region,,,,,
e737f4a1-3dba-4fc4-beaa-90ce91f42bb8,anabasis_book3_english.txt,Greek,char-offset:35704,PLACE,http://pleiades.stoa.org/places/1001896,Hellas,-0550/2100,37.5,22.5,province,VERIFIED,https://en.wikipedia.org/wiki/Greeks.|collective|ethnic|region,https://en.wikipedia.org/wiki/Greeks,collective,ethnic,region,,,,,
7bd21fbe-84ca-4b59-9f20-4970eaf2bc66,anabasis_book3_english.txt,Greeks,char-offset:35888,PLACE,http://pleiades.stoa.org/places/1001896,Hellas,-0550/2100,37.5,22.5,province,VERIFIED,https://en.wikipedia.org/wiki/Greeks.|collective|ethnic|region,https://en.wikipedia.org/wiki/Greeks,collective,ethnic,region,,,,,
ad6b755f-ebf9-4e68-80fc-5ea4f5056c39,anabasis_book3_english.txt,Cheirisophus,char-offset:36186,PERSON,,,,,,,,https://en.wikipedia.org/wiki/Cheirisophus_(general).|person,https://en.wikipedia.org/wiki/Cheirisophus_(general),person,,,,,,,
ccf2ecda-5801-458d-983f-10d37ffca1a2,anabasis_book3_english.txt,Xenophon,char-offset:36247,PERSON,,,,,,,,https://en.wikipedia.org/wiki/Xenophon.|person,https://en.wikipedia.org/wiki/Xenophon,person,,,,,,,
79d3a886-8795-4b97-8d3a-9240b038a0bc,anabasis_book3_english.txt,Xenophon,char-offset:36415,PERSON,,,,,,,,https://en.wikipedia.org/wiki/Xenophon.|person,https://en.wikipedia.org/wiki/Xenophon,person,,,,,,,
c997ce6d-c468-409a-b5ce-a569e008954f,anabasis_book3_english.txt,Cretan,char-offset:37189,PLACE,http://pleiades.stoa.org/places/589748,Creta (island),-0750/2100,35.21984439,24.99576997,island,VERIFIED,https://en.wikipedia.org/wiki/Crete.|collective|ethnic|region,https://en.wikipedia.org/wiki/Crete,collective,ethnic,region,,,,,
79c47337-4a97-439d-be9a-e852e51632b0,anabasis_book3_english.txt,Rhodians,char-offset:37648,PLACE,http://pleiades.stoa.org/places/590030,"Kamiros|Apollo Erethimios, T.|Ialysos|Ialysus/Ialysos, Trianda, Ialysos|Lindos|Lindos/Lindus, Lindos|Apollo Erethimios, Apollo Erethimios|Rhodos (island)|Rhodos Ins., Rhodos|Rhodos|Rhodos, Rhodos|Kamiros/Camirus, Kamiros, Kalavarda",-1200/2100,36.41451,28.15629,"island,settlement,temple-2,stadion",VERIFIED,Rhodes|collective|ethnic|referenced,https://en.wikipedia.org/wiki/Rhodes,collective,ethnic,,referenced,,,,
7ef74840-5063-46a6-90bb-34f44bd94a1c,anabasis_book3_english.txt,Persian,char-offset:37796,PLACE,http://geo-kima.org/place/2134,Persian Gulf,,,,,UNVERIFIED,Persian|collective|ethnic|region,https://en.wikipedia.org/wiki/Persians,collective,ethnic,region,,,,,
e22546ff-e9d9-4a0e-902b-b1064255ad75,anabasis_book3_english.txt,Rhodians,char-offset:37934,PLACE,http://pleiades.stoa.org/places/590030,"Kamiros|Apollo Erethimios, T.|Ialysos|Ialysus/Ialysos, Trianda, Ialysos|Lindos|Lindos/Lindus, Lindos|Apollo Erethimios, Apollo Erethimios|Rhodos (island)|Rhodos Ins., Rhodos|Rhodos|Rhodos, Rhodos|Kamiros/Camirus, Kamiros, Kalavarda",-1200/2100,36.41451,28.15629,"island,settlement,temple-2,stadion",VERIFIED,Rhodes|collective|ethnic|referenced,https://en.wikipedia.org/wiki/Rhodes,collective,ethnic,,referenced,,,,
9c0023f4-efbe-4647-bb56-f037323f00ce,anabasis_book3_english.txt,Clearchus,char-offset:38506,PERSON,,,,,,,,https://en.wikipedia.org/wiki/Clearchus_of_Sparta.|person,https://en.wikipedia.org/wiki/Clearchus_of_Sparta,person,,,,,,,
576882e7-e17f-42f9-9ff9-ec146489bcbf,anabasis_book3_english.txt,"Lycius, the son of Polystratus",char-offset:39105,PERSON,,,,,,,,lycius|person,lycius,person,,,,,,,
e4e10752-d6cd-444f-b926-34328a97447e,anabasis_book3_english.txt,Athenian,char-offset:39140,PLACE,http://pleiades.stoa.org/places/579885,"Athenae|Athenae, Athína",-0750/2100,37.971687,23.726464,settlement,VERIFIED,Athens|person|ethnic|referenced,https://en.wikipedia.org/wiki/Athens,person,ethnic,,referenced,,,,
e5289633-5ed0-46d5-94a8-73ddb5a99b51,anabasis_book3_english.txt,Mithradates,char-offset:39466,PERSON,,,,,,,,mithradates|person|casestudy,mithradates,person,,,,casestudy,"as with book 2, needs further research to figure out which one this is|Ok, so after chasing a fair amount of rabbit holes, I think that if this Mithradates was to be anyone found elsewhere in the historical record, it would Mithradates, Satrap of Cappadocia. The Greek in this section and later in 7.8.25, when the satrap is mentioned, is the same (Μιθραδάτης). Mithradates of Cius, mentioned in Xenophon's Cyropaedia (who also might be the same person as Mithradates II of Cius(??) who is mentioned by Diodorus) has a one-letter difference (Μιθριδάτης). This is absolutely not strong evidence on its own, and I think it's entirely plausible the letter was changed when the name was Latinized (or it's a mispelling). However, if Mithradates of Cius and Mithradates II of Cius are the same person, than it's extremely unlikely he is this Mithradates, as Lucian of Samosata gives Mithradates II of Cius' age at death as 84 in what is now 302 BCE, which means he wouldn't have even been born by the time the Anabasis takes place, and Lucian would have to be off by ~30 years or so for it to line up.  Due to the lack of decisive evidence, however, I won't be linking Satrap Mithradates' wikipedia entry to this annotation and will leave it blank.",,
c8111162-896f-4ed8-87f1-f3026fd49a9f,anabasis_book3_english.txt,Tissaphernes,char-offset:39623,PERSON,,,,,,,,https://en.wikipedia.org/wiki/Tissaphernes.|person,https://en.wikipedia.org/wiki/Tissaphernes,person,,,,,,,
979a3adb-030a-401a-a7cd-2aa6d386f2d5,anabasis_book3_english.txt,Greeks,char-offset:39747,PLACE,http://pleiades.stoa.org/places/1001896,Hellas,-0550/2100,37.5,22.5,province,VERIFIED,https://en.wikipedia.org/wiki/Greeks.|collective|ethnic|region,https://en.wikipedia.org/wiki/Greeks,collective,ethnic,region,,,,,
f2230a42-d2ba-4b59-813b-c1caf940fbe8,anabasis_book3_english.txt,Tissaphernes,char-offset:39759,PERSON,,,,,,,,https://en.wikipedia.org/wiki/Tissaphernes.|person,https://en.wikipedia.org/wiki/Tissaphernes,person,,,,,,,
9c04c99b-f46a-4a26-81dc-887792d75775,anabasis_book3_english.txt,Greeks,char-offset:39976,PLACE,http://pleiades.stoa.org/places/1001896,Hellas,-0550/2100,37.5,22.5,province,VERIFIED,https://en.wikipedia.org/wiki/Greeks.|collective|ethnic|region,https://en.wikipedia.org/wiki/Greeks,collective,ethnic,region,,,,,
00431f20-bf59-4cf6-a01a-e6ad80854987,anabasis_book3_english.txt,Mithradates,char-offset:40039,PERSON,,,,,,,,mithradates|person|casestudy,mithradates,person,,,,casestudy,"as with book 2, needs further research to figure out which one this is|Ok, so after chasing a fair amount of rabbit holes, I think that if this Mithradates was to be anyone found elsewhere in the historical record, it would Mithradates, Satrap of Cappadocia. The Greek in this section and later in 7.8.25, when the satrap is mentioned, is the same (Μιθραδάτης). Mithradates of Cius, mentioned in Xenophon's Cyropaedia (who also might be the same person as Mithradates II of Cius(??) who is mentioned by Diodorus) has a one-letter difference (Μιθριδάτης). This is absolutely not strong evidence on its own, and I think it's entirely plausible the letter was changed when the name was Latinized (or it's a mispelling). However, if Mithradates of Cius and Mithradates II of Cius are the same person, than it's extremely unlikely he is this Mithradates, as Lucian of Samosata gives Mithradates II of Cius' age at death as 84 in what is now 302 BCE, which means he wouldn't have even been born by the time the Anabasis takes place, and Lucian would have to be off by ~30 years or so for it to line up.  Due to the lack of decisive evidence, however, I won't be linking Satrap Mithradates' wikipedia entry to this annotation and will leave it blank.",,
4d8385d5-e19e-45de-a2c6-5cd327d80a0e,anabasis_book3_english.txt,Greek,char-offset:40153,PLACE,http://pleiades.stoa.org/places/1001896,Hellas,-0550/2100,37.5,22.5,province,VERIFIED,https://en.wikipedia.org/wiki/Greeks.|collective|ethnic|region,https://en.wikipedia.org/wiki/Greeks,collective,ethnic,region,,,,,
45804d98-1f9a-436c-9d38-4840b8b3f9e1,anabasis_book3_english.txt,Mithradates,char-offset:40368,PERSON,,,,,,,,mithradates|person|casestudy,mithradates,person,,,,casestudy,"as with book 2, needs further research to figure out which one this is|Ok, so after chasing a fair amount of rabbit holes, I think that if this Mithradates was to be anyone found elsewhere in the historical record, it would Mithradates, Satrap of Cappadocia. The Greek in this section and later in 7.8.25, when the satrap is mentioned, is the same (Μιθραδάτης). Mithradates of Cius, mentioned in Xenophon's Cyropaedia (who also might be the same person as Mithradates II of Cius(??) who is mentioned by Diodorus) has a one-letter difference (Μιθριδάτης). This is absolutely not strong evidence on its own, and I think it's entirely plausible the letter was changed when the name was Latinized (or it's a mispelling). However, if Mithradates of Cius and Mithradates II of Cius are the same person, than it's extremely unlikely he is this Mithradates, as Lucian of Samosata gives Mithradates II of Cius' age at death as 84 in what is now 302 BCE, which means he wouldn't have even been born by the time the Anabasis takes place, and Lucian would have to be off by ~30 years or so for it to line up.  Due to the lack of decisive evidence, however, I won't be linking Satrap Mithradates' wikipedia entry to this annotation and will leave it blank.",,
8bf21716-32a2-45e7-9b80-9aed4d1c8eac,anabasis_book3_english.txt,Greeks,char-offset:40508,PLACE,http://pleiades.stoa.org/places/1001896,Hellas,-0550/2100,37.5,22.5,province,VERIFIED,https://en.wikipedia.org/wiki/Greeks.|collective|ethnic|region,https://en.wikipedia.org/wiki/Greeks,collective,ethnic,region,,,,,
8b3145c2-d1c1-4660-98d2-6216a8fb7a34,anabasis_book3_english.txt,Greek,char-offset:40845,PLACE,http://pleiades.stoa.org/places/1001896,Hellas,-0550/2100,37.5,22.5,province,VERIFIED,https://en.wikipedia.org/wiki/Greeks.|collective|ethnic|region,https://en.wikipedia.org/wiki/Greeks,collective,ethnic,region,,,,,
fbc82e50-791d-4e02-99fc-3b93b7edb3fe,anabasis_book3_english.txt,Greeks,char-offset:41072,PLACE,http://pleiades.stoa.org/places/1001896,Hellas,-0550/2100,37.5,22.5,province,VERIFIED,https://en.wikipedia.org/wiki/Greeks.|collective|ethnic|region,https://en.wikipedia.org/wiki/Greeks,collective,ethnic,region,,,,,
72f1df39-d475-4596-8036-fd60c2b93d71,anabasis_book3_english.txt,Tigris,char-offset:41164,PLACE,http://pleiades.stoa.org/places/912964,Tigris/Diglitus (river),-18000/2000,34.52908255,44.7946783,river,VERIFIED,https://en.wikipedia.org/wiki/Tigris.|location|river,https://en.wikipedia.org/wiki/Tigris,location,,river,,,,,
a7bc0153-3c04-44a0-9ecd-98d2d37b7b74,anabasis_book3_english.txt,Larisa,char-offset:41225,PLACE,http://pleiades.stoa.org/places/894019,"Kalhu/Calah/‘Larisa’?|Kalhu/Calah/‘Larisa’?, Nimrud",-5500/2000,36.09863,43.32932,settlement,VERIFIED,https://en.wikipedia.org/wiki/Nimrud.|location|city_abandoned|visited|ambiguous|casestudy,https://en.wikipedia.org/wiki/Nimrud,location,,city_abandoned|ambiguous|casestudy,visited,,"Xenophon writes that the city that used to be Median but was already deserted in his time, so it's not looking good for the archaeologists out there. Case study and ambiguous, a proper lost city. Not any of the Larisa cities listed on wikipedia; hopefully mapping will reveal more of its location|Also maybe give it a .abandoned tag, since it was abandoned even in Xenophon's time?|This needs to be verified since i couldn't find any actual academic sources backing this up, but someone said Larisa is actually modern day Kalhu/Nimrud|The Nimrud explanation does seem decently plausible judging the Zapatas river to be the Great Zab.  Also Pleiades has a gazetteer stating as much",,
8ddca70e-0c6e-4640-b2f9-8b408e01d0d2,anabasis_book3_english.txt,Medes,char-offset:41278,PLACE,http://pleiades.stoa.org/places/903080,Media/Mad(aya),-0750/0640,34.5,46.5,region,VERIFIED,https://en.wikipedia.org/wiki/Media_(region).|collective|ethnic|region,https://en.wikipedia.org/wiki/Media_(region),collective,ethnic,region,,,,,
c67afd39-b111-4f3b-9897-52829f2d0f3f,anabasis_book3_english.txt,Persians,char-offset:41530,PLACE,http://pleiades.stoa.org/places/541063,"Plataea|Plataiai, Kokkla",-0750/0640,38.221019,23.273866,settlement,UNVERIFIED,https://en.wikipedia.org/wiki/Persians.|collective|ethnic|region,https://en.wikipedia.org/wiki/Persians,collective,ethnic,region,,,,,
ee7de62b-9704-4e6f-943b-1bd010a19071,anabasis_book3_english.txt,Persians,char-offset:41560,PLACE,http://pleiades.stoa.org/places/541063,"Plataea|Plataiai, Kokkla",-0750/0640,38.221019,23.273866,settlement,UNVERIFIED,https://en.wikipedia.org/wiki/Persians.|collective|ethnic|region,https://en.wikipedia.org/wiki/Persians,collective,ethnic,region,,,,,
b2cae986-9afb-4660-86ce-9ad7fd9e7dea,anabasis_book3_english.txt,Medes,char-offset:41600,PLACE,http://pleiades.stoa.org/places/903080,Media/Mad(aya),-0750/0640,34.5,46.5,region,VERIFIED,https://en.wikipedia.org/wiki/Media_(region).|collective|ethnic|region,https://en.wikipedia.org/wiki/Media_(region),collective,ethnic,region,,,,,
ea67eabe-4409-40f6-bfbd-21ede00fee0b,anabasis_book3_english.txt,Mespila,char-offset:42111,PLACE,http://pleiades.stoa.org/places/874609,"Mosul/‘Mespila’?|‘Mespila’?, Mosul",-1600/2000,36.335572,43.13713,settlement,VERIFIED,Mespila|location|city_abandoned|visited|ambiguous|casestudy,https://en.wikipedia.org/wiki/Nineveh,location,,city_abandoned|ambiguous|casestudy,visited,,"Same boat as Larisa. Maybe give it an abandoned tag. I need to verify if this is actually backed up academically, but Mespila seems to be identified with modern day Nineveh. The locations seem to line up at first glance|Pleiades also supports the idea that Mespila is Mosul/Nineveh.",,
9e5dd698-b9d0-4873-975a-3044fbcddb96,anabasis_book3_english.txt,Medes,char-offset:42153,PLACE,http://pleiades.stoa.org/places/903080,Media/Mad(aya),-0750/0640,34.5,46.5,region,VERIFIED,https://en.wikipedia.org/wiki/Media_(region).|collective|ethnic|region,https://en.wikipedia.org/wiki/Media_(region),collective,ethnic,region,,,,,
0473a7e7-59d8-48d2-b742-54f6d5702f83,anabasis_book3_english.txt,Medea,char-offset:42451,PERSON,,,,,,,,Medea|person|mythological,https://en.wikipedia.org/wiki/Medea,person,mythological,,,,,,
203dc14e-4b4e-4ad1-aa7d-a933f6d2dc62,anabasis_book3_english.txt,Medes,char-offset:42508,PLACE,http://pleiades.stoa.org/places/903080,Media/Mad(aya),-0750/0640,34.5,46.5,region,VERIFIED,https://en.wikipedia.org/wiki/Media_(region).|collective|ethnic|region,https://en.wikipedia.org/wiki/Media_(region),collective,ethnic,region,,,,,
57182a41-39c4-41f5-b78a-64a531edd839,anabasis_book3_english.txt,Persians,char-offset:42551,PLACE,http://pleiades.stoa.org/places/541063,"Plataea|Plataiai, Kokkla",-0750/0640,38.221019,23.273866,settlement,UNVERIFIED,https://en.wikipedia.org/wiki/Persians.|collective|ethnic|region,https://en.wikipedia.org/wiki/Persians,collective,ethnic,region,,,,,
76a8a3b9-e1ad-40cf-841b-886aa8b44eee,anabasis_book3_english.txt,Persians,char-offset:42598,PLACE,http://pleiades.stoa.org/places/541063,"Plataea|Plataiai, Kokkla",-0750/0640,38.221019,23.273866,settlement,UNVERIFIED,https://en.wikipedia.org/wiki/Persians.|collective|ethnic|region,https://en.wikipedia.org/wiki/Persians,collective,ethnic,region,,,,,
ac1699e5-c5bf-47cf-8d39-a2e115ef67a5,anabasis_book3_english.txt,Zeus,char-offset:42690,PERSON,,,,,,,,https://en.wikipedia.org/wiki/Zeus.|person|mythological,https://en.wikipedia.org/wiki/Zeus,person,mythological,,,,,,
eeba5326-7a9e-4fae-bbc4-d60a3df1c37f,anabasis_book3_english.txt,Tissaphernes,char-offset:42869,PERSON,,,,,,,,https://en.wikipedia.org/wiki/Tissaphernes.|person,https://en.wikipedia.org/wiki/Tissaphernes,person,,,,,,,
ce98a93f-c719-4e1f-b081-f40752a066b0,anabasis_book3_english.txt,Orontas,char-offset:42993,PERSON,,,,,,,,Orontas|person,https://en.wikipedia.org/wiki/Orontes_I,person,,,,,,,
6d5daa73-1195-41a3-9b5d-12edffda6c29,anabasis_book3_english.txt,Cyrus,char-offset:43062,PERSON,,,,,,,,https://en.wikipedia.org/wiki/Cyrus_the_Younger.|person,https://en.wikipedia.org/wiki/Cyrus_the_Younger,person,,,,,,,
bae179ad-35c7-4def-966c-a5d3b6864390,anabasis_book3_english.txt,Tissaphernes,char-offset:43208,PERSON,,,,,,,,https://en.wikipedia.org/wiki/Tissaphernes.|person,https://en.wikipedia.org/wiki/Tissaphernes,person,,,,,,,
e70998c2-72a4-44e2-8619-2fa16cbc88d9,anabasis_book3_english.txt,Greeks,char-offset:43351,PLACE,http://pleiades.stoa.org/places/1001896,Hellas,-0550/2100,37.5,22.5,province,VERIFIED,https://en.wikipedia.org/wiki/Greeks.|collective|ethnic|region,https://en.wikipedia.org/wiki/Greeks,collective,ethnic,region,,,,,
572c40fe-cf28-465d-9500-44b3847a737d,anabasis_book3_english.txt,Rhodian,char-offset:43658,PLACE,http://pleiades.stoa.org/places/590031,"Kamiros|Apollo Erethimios, T.|Ialysos|Ialysus/Ialysos, Trianda, Ialysos|Lindos|Lindos/Lindus, Lindos|Apollo Erethimios, Apollo Erethimios|Rhodos (island)|Rhodos Ins., Rhodos|Rhodos|Rhodos, Rhodos|Kamiros/Camirus, Kamiros, Kalavarda",-1200/2100,36.41451,28.15629,"island,settlement,temple-2,stadion",VERIFIED,https://en.wikipedia.org/wiki/Rhodes.|collective|ethnic,https://en.wikipedia.org/wiki/Rhodes,collective,ethnic,,,,,,
cc40d089-a3c8-4dcc-94f5-b6f870541285,anabasis_book3_english.txt,Tissaphernes,char-offset:43882,PERSON,,,,,,,,https://en.wikipedia.org/wiki/Tissaphernes.|person,https://en.wikipedia.org/wiki/Tissaphernes,person,,,,,,,
7394a578-7fb1-4714-bdd5-47f9e2188853,anabasis_book3_english.txt,Rhodian,char-offset:44173,PLACE,http://pleiades.stoa.org/places/590031,"Kamiros|Apollo Erethimios, T.|Ialysos|Ialysus/Ialysos, Trianda, Ialysos|Lindos|Lindos/Lindus, Lindos|Apollo Erethimios, Apollo Erethimios|Rhodos (island)|Rhodos Ins., Rhodos|Rhodos|Rhodos, Rhodos|Kamiros/Camirus, Kamiros, Kalavarda",-1200/2100,36.41451,28.15629,"island,settlement,temple-2,stadion",VERIFIED,https://en.wikipedia.org/wiki/Rhodes.|collective|ethnic,https://en.wikipedia.org/wiki/Rhodes,collective,ethnic,,,,,,
afb5b451-c36c-4d24-b31c-673c5fd608a2,anabasis_book3_english.txt,Persians,char-offset:44235,PLACE,http://pleiades.stoa.org/places/541063,"Plataea|Plataiai, Kokkla",-0750/0640,38.221019,23.273866,settlement,UNVERIFIED,https://en.wikipedia.org/wiki/Persians.|collective|ethnic|region,https://en.wikipedia.org/wiki/Persians,collective,ethnic,region,,,,,
3091d12f-5872-405f-be0d-e3b82fed7523,anabasis_book3_english.txt,Persian,char-offset:44267,PLACE,http://geo-kima.org/place/2134,Persian Gulf,,,,,UNVERIFIED,Persian|collective|ethnic|region,https://en.wikipedia.org/wiki/Persians,collective,ethnic,region,,,,,
79b13fc0-3365-4f65-b244-194c5b2a4ba2,anabasis_book3_english.txt,Persian,char-offset:44290,PLACE,http://geo-kima.org/place/2134,Persian Gulf,,,,,UNVERIFIED,Persian|collective|ethnic|region,https://en.wikipedia.org/wiki/Persians,collective,ethnic,region,,,,,
52f38899-7ade-4ec6-a255-ace299d226b0,anabasis_book3_english.txt,Cretans,char-offset:44340,PLACE,http://pleiades.stoa.org/places/589748,Creta (island),-0750/2100,35.21984439,24.99576997,island,VERIFIED,Crete|collective|ethnic,https://en.wikipedia.org/wiki/Crete,collective,ethnic,,,,,,
7100c59b-2fda-4856-bf7e-02836e12d9c8,anabasis_book3_english.txt,Greeks,char-offset:44580,PLACE,http://pleiades.stoa.org/places/1001896,Hellas,-0550/2100,37.5,22.5,province,VERIFIED,https://en.wikipedia.org/wiki/Greeks.|collective|ethnic|region,https://en.wikipedia.org/wiki/Greeks,collective,ethnic,region,,,,,
a716cd92-65ae-4cbf-8bbd-50e2701886aa,anabasis_book3_english.txt,Greeks,char-offset:44688,PLACE,http://pleiades.stoa.org/places/1001896,Hellas,-0550/2100,37.5,22.5,province,VERIFIED,https://en.wikipedia.org/wiki/Greeks.|collective|ethnic|region,https://en.wikipedia.org/wiki/Greeks,collective,ethnic,region,,,,,
b6616d67-da3d-46a9-9085-d962a9da7b20,anabasis_book3_english.txt,Greeks,char-offset:44838,PLACE,http://pleiades.stoa.org/places/1001896,Hellas,-0550/2100,37.5,22.5,province,VERIFIED,https://en.wikipedia.org/wiki/Greeks.|collective|ethnic|region,https://en.wikipedia.org/wiki/Greeks,collective,ethnic,region,,,,,
7348280c-6ec9-4ffa-bb49-b7f7f4b8a2f4,anabasis_book3_english.txt,Tissaphernes,char-offset:45008,PERSON,,,,,,,,https://en.wikipedia.org/wiki/Tissaphernes.|person,https://en.wikipedia.org/wiki/Tissaphernes,person,,,,,,,
9c062294-2c0c-4490-a39c-6b378a7a2460,anabasis_book3_english.txt,Greeks,char-offset:45103,PLACE,http://pleiades.stoa.org/places/1001896,Hellas,-0550/2100,37.5,22.5,province,VERIFIED,https://en.wikipedia.org/wiki/Greeks.|collective|ethnic|region,https://en.wikipedia.org/wiki/Greeks,collective,ethnic,region,,,,,
f5dd42f6-0b53-4c47-b69d-18ab2ba7cbd9,anabasis_book3_english.txt,Greeks,char-offset:46901,PLACE,http://pleiades.stoa.org/places/1001896,Hellas,-0550/2100,37.5,22.5,province,VERIFIED,https://en.wikipedia.org/wiki/Greeks.|collective|ethnic|region,https://en.wikipedia.org/wiki/Greeks,collective,ethnic,region,,,,,
de9e3cd9-e2c0-42e5-80ad-933690a07251,anabasis_book3_english.txt,Greeks,char-offset:47213,PLACE,http://pleiades.stoa.org/places/1001896,Hellas,-0550/2100,37.5,22.5,province,VERIFIED,https://en.wikipedia.org/wiki/Greeks.|collective|ethnic|region,https://en.wikipedia.org/wiki/Greeks,collective,ethnic,region,,,,,
b4408c5a-607c-41ef-9f4b-90891ee82143,anabasis_book3_english.txt,Greek,char-offset:47688,PLACE,http://pleiades.stoa.org/places/1001896,Hellas,-0550/2100,37.5,22.5,province,VERIFIED,https://en.wikipedia.org/wiki/Greeks.|collective|ethnic|region,https://en.wikipedia.org/wiki/Greeks,collective,ethnic,region,,,,,
99ddcf76-649d-4fbf-afdb-ea48f9a93e50,anabasis_book3_english.txt,Greeks,char-offset:47905,PLACE,http://pleiades.stoa.org/places/1001896,Hellas,-0550/2100,37.5,22.5,province,VERIFIED,https://en.wikipedia.org/wiki/Greeks.|collective|ethnic|region,https://en.wikipedia.org/wiki/Greeks,collective,ethnic,region,,,,,
71486d9e-21a8-4e73-ac04-5fb9469253c0,anabasis_book3_english.txt,Greek,char-offset:48530,PLACE,http://pleiades.stoa.org/places/1001896,Hellas,-0550/2100,37.5,22.5,province,VERIFIED,https://en.wikipedia.org/wiki/Greeks.|collective|ethnic|region,https://en.wikipedia.org/wiki/Greeks,collective,ethnic,region,,,,,
e3d43198-78a9-4654-8004-27ecdccfd810,anabasis_book3_english.txt,Greek,char-offset:48581,PLACE,http://pleiades.stoa.org/places/1001896,Hellas,-0550/2100,37.5,22.5,province,VERIFIED,https://en.wikipedia.org/wiki/Greeks.|collective|ethnic|region,https://en.wikipedia.org/wiki/Greeks,collective,ethnic,region,,,,,
2e75cb57-063a-4f49-bacd-6228daa38248,anabasis_book3_english.txt,Greeks,char-offset:48721,PLACE,http://pleiades.stoa.org/places/1001896,Hellas,-0550/2100,37.5,22.5,province,VERIFIED,https://en.wikipedia.org/wiki/Greeks.|collective|ethnic|region,https://en.wikipedia.org/wiki/Greeks,collective,ethnic,region,,,,,
cf8a554a-3592-4034-ad8e-c8eba8e5eaa9,anabasis_book3_english.txt,Tissaphernes,char-offset:49383,PERSON,,,,,,,,https://en.wikipedia.org/wiki/Tissaphernes.|person,https://en.wikipedia.org/wiki/Tissaphernes,person,,,,,,,
35093fff-cade-4c6c-9704-7e0d8ddfc715,anabasis_book3_english.txt,Greeks,char-offset:49600,PLACE,http://pleiades.stoa.org/places/1001896,Hellas,-0550/2100,37.5,22.5,province,VERIFIED,https://en.wikipedia.org/wiki/Greeks.|collective|ethnic|region,https://en.wikipedia.org/wiki/Greeks,collective,ethnic,region,,,,,
a22e2856-080a-4776-8c1b-cd267d2beee3,anabasis_book3_english.txt,Greeks,char-offset:49868,PLACE,http://pleiades.stoa.org/places/1001896,Hellas,-0550/2100,37.5,22.5,province,VERIFIED,https://en.wikipedia.org/wiki/Greeks.|collective|ethnic|region,https://en.wikipedia.org/wiki/Greeks,collective,ethnic,region,,,,,
3fdca900-d771-461b-872c-75fe25c32404,anabasis_book3_english.txt,Greek,char-offset:50255,PLACE,http://pleiades.stoa.org/places/1001896,Hellas,-0550/2100,37.5,22.5,province,VERIFIED,https://en.wikipedia.org/wiki/Greeks.|collective|ethnic|region,https://en.wikipedia.org/wiki/Greeks,collective,ethnic,region,,,,,
32aae4bc-dd22-4bed-af0c-82dde96471ce,anabasis_book3_english.txt,Greeks,char-offset:50288,PLACE,http://pleiades.stoa.org/places/1001896,Hellas,-0550/2100,37.5,22.5,province,VERIFIED,https://en.wikipedia.org/wiki/Greeks.|collective|ethnic|region,https://en.wikipedia.org/wiki/Greeks,collective,ethnic,region,,,,,
fada67a4-e470-4437-a006-bf40088bda7f,anabasis_book3_english.txt,Persian,char-offset:50340,PLACE,http://geo-kima.org/place/2134,Persian Gulf,,,,,UNVERIFIED,Persian|collective|ethnic|region,https://en.wikipedia.org/wiki/Persians,collective,ethnic,region,,,,,
0bbedce9-bd84-4e37-93b0-c2541ba455a4,anabasis_book3_english.txt,Persian,char-offset:50530,PLACE,http://geo-kima.org/place/2134,Persian Gulf,,,,,UNVERIFIED,Persian|collective|ethnic|region,https://en.wikipedia.org/wiki/Persians,collective,ethnic,region,,,,,
c2392413-b44b-418a-ba56-6717dcd0d059,anabasis_book3_english.txt,Persians,char-offset:50762,PLACE,http://pleiades.stoa.org/places/541063,"Plataea|Plataiai, Kokkla",-0750/0640,38.221019,23.273866,settlement,UNVERIFIED,https://en.wikipedia.org/wiki/Persians.|collective|ethnic|region,https://en.wikipedia.org/wiki/Persians,collective,ethnic,region,,,,,
1c2be54b-9178-4558-9084-f4557d79416a,anabasis_book3_english.txt,Greeks,char-offset:50816,PLACE,http://pleiades.stoa.org/places/1001896,Hellas,-0550/2100,37.5,22.5,province,VERIFIED,https://en.wikipedia.org/wiki/Greeks.|collective|ethnic|region,https://en.wikipedia.org/wiki/Greeks,collective,ethnic,region,,,,,
4777bc30-533b-4707-a049-023b36af39ad,anabasis_book3_english.txt,Greeks,char-offset:50844,PLACE,http://pleiades.stoa.org/places/1001896,Hellas,-0550/2100,37.5,22.5,province,VERIFIED,https://en.wikipedia.org/wiki/Greeks.|collective|ethnic|region,https://en.wikipedia.org/wiki/Greeks,collective,ethnic,region,,,,,
6025c542-7607-4adb-8458-3e2066221be1,anabasis_book3_english.txt,Greek,char-offset:50987,PLACE,http://pleiades.stoa.org/places/1001896,Hellas,-0550/2100,37.5,22.5,province,VERIFIED,https://en.wikipedia.org/wiki/Greeks.|collective|ethnic|region,https://en.wikipedia.org/wiki/Greeks,collective,ethnic,region,,,,,
5defec6b-d0bb-4a15-a857-42a3775be4af,anabasis_book3_english.txt,Greeks,char-offset:51233,PLACE,http://pleiades.stoa.org/places/1001896,Hellas,-0550/2100,37.5,22.5,province,VERIFIED,https://en.wikipedia.org/wiki/Greeks.|collective|ethnic|region,https://en.wikipedia.org/wiki/Greeks,collective,ethnic,region,,,,,
9276653e-3c64-4389-ac6e-56699db0219e,anabasis_book3_english.txt,Greeks,char-offset:51635,PLACE,http://pleiades.stoa.org/places/1001896,Hellas,-0550/2100,37.5,22.5,province,VERIFIED,https://en.wikipedia.org/wiki/Greeks.|collective|ethnic|region,https://en.wikipedia.org/wiki/Greeks,collective,ethnic,region,,,,,
f28c8a6a-4afb-4cf6-86b3-5a51c2e6b700,anabasis_book3_english.txt,Cheirisophus,char-offset:51777,PERSON,,,,,,,,https://en.wikipedia.org/wiki/Cheirisophus_(general).|person,https://en.wikipedia.org/wiki/Cheirisophus_(general),person,,,,,,,
9bf6346b-4a94-4c19-a140-5343631a568f,anabasis_book3_english.txt,Xenophon,char-offset:51847,PERSON,,,,,,,,https://en.wikipedia.org/wiki/Xenophon.|person,https://en.wikipedia.org/wiki/Xenophon,person,,,,,,,
cc9c53db-5283-4070-b232-0acb0a43f78d,anabasis_book3_english.txt,Xenophon,char-offset:51942,PERSON,,,,,,,,https://en.wikipedia.org/wiki/Xenophon.|person,https://en.wikipedia.org/wiki/Xenophon,person,,,,,,,
de8e8f54-532c-403b-a623-6318f5aab11e,anabasis_book3_english.txt,Tissaphernes,char-offset:52008,PERSON,,,,,,,,https://en.wikipedia.org/wiki/Tissaphernes.|person,https://en.wikipedia.org/wiki/Tissaphernes,person,,,,,,,
6087e082-9d5f-408d-beb7-4cfd7f4bb167,anabasis_book3_english.txt,Cheirisophus,char-offset:52125,PERSON,,,,,,,,https://en.wikipedia.org/wiki/Cheirisophus_(general).|person,https://en.wikipedia.org/wiki/Cheirisophus_(general),person,,,,,,,
dd8aced4-a3e0-47cb-8298-da854719f8ae,anabasis_book3_english.txt,Xenophon,char-offset:52331,PERSON,,,,,,,,https://en.wikipedia.org/wiki/Xenophon.|person,https://en.wikipedia.org/wiki/Xenophon,person,,,,,,,
d120c470-6056-421c-88ac-c7d0e573353f,anabasis_book3_english.txt,Cheirisophus,char-offset:52481,PERSON,,,,,,,,https://en.wikipedia.org/wiki/Cheirisophus_(general).|person,https://en.wikipedia.org/wiki/Cheirisophus_(general),person,,,,,,,
09afb51a-a683-4cbb-bd50-5b53c7e32ea5,anabasis_book3_english.txt,Xenophon,char-offset:52587,PERSON,,,,,,,,https://en.wikipedia.org/wiki/Xenophon.|person,https://en.wikipedia.org/wiki/Xenophon,person,,,,,,,
9d870024-474f-46a8-88f6-e761b0c7e7c2,anabasis_book3_english.txt,Cheirisophus,char-offset:52785,PERSON,,,,,,,,https://en.wikipedia.org/wiki/Cheirisophus_(general).|person,https://en.wikipedia.org/wiki/Cheirisophus_(general),person,,,,,,,
8ae3a1b8-32bf-4988-a66c-7bdfb581bddc,anabasis_book3_english.txt,Cheirisophus,char-offset:53107,PERSON,,,,,,,,https://en.wikipedia.org/wiki/Cheirisophus_(general).|person,https://en.wikipedia.org/wiki/Cheirisophus_(general),person,,,,,,,
cb65f8dd-5b8a-4cd2-8adb-a5150d86d98d,anabasis_book3_english.txt,Xenophon,char-offset:53181,PERSON,,,,,,,,https://en.wikipedia.org/wiki/Xenophon.|person,https://en.wikipedia.org/wiki/Xenophon,person,,,,,,,
1437b76d-2ff4-4eec-ae28-08d788af8736,anabasis_book3_english.txt,Cheirisophus,char-offset:53260,PERSON,,,,,,,,https://en.wikipedia.org/wiki/Cheirisophus_(general).|person,https://en.wikipedia.org/wiki/Cheirisophus_(general),person,,,,,,,
32fec593-dcf7-4120-a4b4-35128fe09ce7,anabasis_book3_english.txt,Cheirisophus,char-offset:53394,PERSON,,,,,,,,https://en.wikipedia.org/wiki/Cheirisophus_(general).|person,https://en.wikipedia.org/wiki/Cheirisophus_(general),person,,,,,,,
f193bebd-3992-4c36-8f03-04b8de0dd649,anabasis_book3_english.txt,Xenophon,char-offset:53617,PERSON,,,,,,,,https://en.wikipedia.org/wiki/Xenophon.|person,https://en.wikipedia.org/wiki/Xenophon,person,,,,,,,
55684fed-2e22-410a-8e6c-13277a3a16d3,anabasis_book3_english.txt,Greeks,char-offset:53823,PLACE,http://pleiades.stoa.org/places/1001896,Hellas,-0550/2100,37.5,22.5,province,VERIFIED,https://en.wikipedia.org/wiki/Greeks.|collective|ethnic|region,https://en.wikipedia.org/wiki/Greeks,collective,ethnic,region,,,,,
2ad027df-f8ea-40a7-b4d2-0313f9bc0b96,anabasis_book3_english.txt,Greek,char-offset:53893,PLACE,http://pleiades.stoa.org/places/1001896,Hellas,-0550/2100,37.5,22.5,province,VERIFIED,https://en.wikipedia.org/wiki/Greeks.|collective|ethnic|region,https://en.wikipedia.org/wiki/Greeks,collective,ethnic,region,,,,,
282bd8db-3e63-4f61-a275-869313ad8d01,anabasis_book3_english.txt,Tissaphernes,char-offset:53967,PERSON,,,,,,,,https://en.wikipedia.org/wiki/Tissaphernes.|person,https://en.wikipedia.org/wiki/Tissaphernes,person,,,,,,,
6557152e-dfc4-4687-b9b1-b27bcfa56eae,anabasis_book3_english.txt,Xenophon,char-offset:54017,PERSON,,,,,,,,https://en.wikipedia.org/wiki/Xenophon.|person,https://en.wikipedia.org/wiki/Xenophon,person,,,,,,,
41e920e1-e8a3-447e-b297-d7699844a5bc,anabasis_book3_english.txt,Greece,char-offset:54155,PLACE,http://pleiades.stoa.org/places/1001896,Hellas,-0550/2100,37.5,22.5,province,VERIFIED,https://en.wikipedia.org/wiki/Ancient_Greece.|location|region,https://en.wikipedia.org/wiki/Ancient_Greece,location,,region,,,,,
69c998ee-725d-4b3f-8219-012b85207182,anabasis_book3_english.txt,Soteridas the Sicyonian,char-offset:54310,PERSON,,,,,,,,soteridas|person,soteridas,person,,,,,,,
225f5e2a-2d60-4de2-946b-b4f2b985443c,anabasis_book3_english.txt,the Sicyonian,char-offset:54320,PLACE,http://pleiades.stoa.org/places/570668,"Sicyon/Demetrias|Sicyon, Vasiliko",-0750/0300,37.98336,22.71135,settlement,VERIFIED,Sicyon|person|ethnic,https://en.wikipedia.org/wiki/Sicyon,person,ethnic,,referenced,,,,
627b67dc-d6a8-4c71-9085-7fa20c336d8d,anabasis_book3_english.txt,Xenophon,char-offset:54368,PERSON,,,,,,,,https://en.wikipedia.org/wiki/Xenophon.|person,https://en.wikipedia.org/wiki/Xenophon,person,,,,,,,
bdb2df61-d5b9-411b-8bc8-c68f97ed2333,anabasis_book3_english.txt,Xenophon,char-offset:54470,PERSON,,,,,,,,https://en.wikipedia.org/wiki/Xenophon.|person,https://en.wikipedia.org/wiki/Xenophon,person,,,,,,,
4a3279fe-cce6-4b3b-918c-e6a76f305880,anabasis_book3_english.txt,Soteridas,char-offset:54532,PERSON,,,,,,,,soteridas|person,soteridas,person,,,,,,,
99184d62-16ee-4f18-baf8-1998fb0b6166,anabasis_book3_english.txt,Soteridas,char-offset:54967,PERSON,,,,,,,,soteridas|person,soteridas,person,,,,,,,
f677bfc8-1907-4cfb-8810-3000ffa3f78a,anabasis_book3_english.txt,Xenophon,char-offset:55042,PERSON,,,,,,,,https://en.wikipedia.org/wiki/Xenophon.|person,https://en.wikipedia.org/wiki/Xenophon,person,,,,,,,
02fdb9a5-2ce9-4a85-a238-8a139473c381,anabasis_book3_english.txt,Greeks,char-offset:55364,PLACE,http://pleiades.stoa.org/places/1001896,Hellas,-0550/2100,37.5,22.5,province,VERIFIED,https://en.wikipedia.org/wiki/Greeks.|collective|ethnic|region,https://en.wikipedia.org/wiki/Greeks,collective,ethnic,region,,,,,
a2c98203-4d75-4895-9581-4b936279ab8f,anabasis_book3_english.txt,Tissaphernes,char-offset:55426,PERSON,,,,,,,,https://en.wikipedia.org/wiki/Tissaphernes.|person,https://en.wikipedia.org/wiki/Tissaphernes,person,,,,,,,
20fe7968-e424-4c51-a9d6-60ecc239f76f,anabasis_book3_english.txt,Ariaeus,char-offset:55443,PERSON,,,,,,,,Ariaeus|person,https://en.wikipedia.org/wiki/Ariaeus,person,,,,,,,
c30493c0-7637-4475-a1e9-6fefb74ab64d,anabasis_book3_english.txt,Cheirisophus,char-offset:55518,PERSON,,,,,,,,https://en.wikipedia.org/wiki/Cheirisophus_(general).|person,https://en.wikipedia.org/wiki/Cheirisophus_(general),person,,,,,,,
91686bef-d8aa-49fe-9e44-921e47641718,anabasis_book3_english.txt,Tigris,char-offset:55726,PLACE,http://pleiades.stoa.org/places/912964,Tigris/Diglitus (river),-18000/2000,34.52908255,44.7946783,river,VERIFIED,https://en.wikipedia.org/wiki/Tigris.|location|river,https://en.wikipedia.org/wiki/Tigris,location,,river,,,,,
d82d10d1-0dbc-4633-93fb-69b404075415,anabasis_book3_english.txt,Greeks,char-offset:55850,PLACE,http://pleiades.stoa.org/places/1001896,Hellas,-0550/2100,37.5,22.5,province,VERIFIED,https://en.wikipedia.org/wiki/Greeks.|collective|ethnic|region,https://en.wikipedia.org/wiki/Greeks,collective,ethnic,region,,,,,
e3b98933-0af0-41ad-b27a-12c131943b5e,anabasis_book3_english.txt,Tissaphernes,char-offset:56031,PERSON,,,,,,,,https://en.wikipedia.org/wiki/Tissaphernes.|person,https://en.wikipedia.org/wiki/Tissaphernes,person,,,,,,,
882f02d0-1772-4225-ac97-63a4327c6a30,anabasis_book3_english.txt,Greeks,char-offset:56110,PLACE,http://pleiades.stoa.org/places/1001896,Hellas,-0550/2100,37.5,22.5,province,VERIFIED,https://en.wikipedia.org/wiki/Greeks.|collective|ethnic|region,https://en.wikipedia.org/wiki/Greeks,collective,ethnic,region,,,,,
3a0e337e-f1e8-4c2d-9c4e-1aad69d8eab8,anabasis_book3_english.txt,Cheirisophus,char-offset:56289,PERSON,,,,,,,,https://en.wikipedia.org/wiki/Cheirisophus_(general).|person,https://en.wikipedia.org/wiki/Cheirisophus_(general),person,,,,,,,
94ac89f0-3e4c-407f-b911-33fd8ade93b4,anabasis_book3_english.txt,Xenophon,char-offset:56386,PERSON,,,,,,,,https://en.wikipedia.org/wiki/Xenophon.|person,https://en.wikipedia.org/wiki/Xenophon,person,,,,,,,
4968ff3a-b3de-4db4-a16a-252ee11898fb,anabasis_book3_english.txt,Greeks,char-offset:56477,PLACE,http://pleiades.stoa.org/places/1001896,Hellas,-0550/2100,37.5,22.5,province,VERIFIED,https://en.wikipedia.org/wiki/Greeks.|collective|ethnic|region,https://en.wikipedia.org/wiki/Greeks,collective,ethnic,region,,,,,
e1c6448a-2b27-43e2-a45a-536597216ad8,anabasis_book3_english.txt,Greece,char-offset:56542,PLACE,http://pleiades.stoa.org/places/1001896,Hellas,-0550/2100,37.5,22.5,province,VERIFIED,https://en.wikipedia.org/wiki/Ancient_Greece.|collective|ethnic|region,https://en.wikipedia.org/wiki/Ancient_Greece,collective,ethnic,region,,,"The Greek uses “ἄνδρες Ἕλληνες” so the translation “Men of Greece” doesn’t as clearly capture that it’s an adjective ethnic identifier in the original text. Given that “Greek men” is just as reasonable a translation, I annotated it as collective.ethnic",,
a593d68d-25a1-4134-b27f-121d0322f50c,anabasis_book3_english.txt,Cheirisophus,char-offset:56904,PERSON,,,,,,,,https://en.wikipedia.org/wiki/Cheirisophus_(general).|person,https://en.wikipedia.org/wiki/Cheirisophus_(general),person,,,,,,,
c312073e-70b6-4885-afd4-47795adf9c7c,anabasis_book3_english.txt,Cheirisophus,char-offset:57082,PERSON,,,,,,,,https://en.wikipedia.org/wiki/Cheirisophus_(general).|person,https://en.wikipedia.org/wiki/Cheirisophus_(general),person,,,,,,,
08e7ccf3-1853-4760-996a-6d5dbacc7560,anabasis_book3_english.txt,Rhodian,char-offset:57559,PLACE,http://pleiades.stoa.org/places/590031,"Kamiros|Apollo Erethimios, T.|Ialysos|Ialysus/Ialysos, Trianda, Ialysos|Lindos|Lindos/Lindus, Lindos|Apollo Erethimios, Apollo Erethimios|Rhodos (island)|Rhodos Ins., Rhodos|Rhodos|Rhodos, Rhodos|Kamiros/Camirus, Kamiros, Kalavarda",-1200/2100,36.41451,28.15629,"island,settlement,temple-2,stadion",VERIFIED,https://en.wikipedia.org/wiki/Rhodes.|collective|ethnic,https://en.wikipedia.org/wiki/Rhodes,collective,ethnic,,,,,,
171a5c2e-e044-47b2-b602-95e9f962f596,anabasis_book3_english.txt,Greeks,char-offset:59123,PLACE,http://pleiades.stoa.org/places/1001896,Hellas,-0550/2100,37.5,22.5,province,VERIFIED,https://en.wikipedia.org/wiki/Greeks.|collective|ethnic|region,https://en.wikipedia.org/wiki/Greeks,collective,ethnic,region,,,,,
806735b9-f129-4d79-8815-b9f313f50483,anabasis_book3_english.txt,Babylon,char-offset:59548,PLACE,http://pleiades.stoa.org/places/893951,"Babylon|Babylon, Babylon",-2000/0640,32.53617,44.42082,"settlement,urban",VERIFIED,https://en.wikipedia.org/wiki/Babylon.|location|referenced,https://en.wikipedia.org/wiki/Babylon,location,,,referenced,,,,
7782ca87-fe7a-44ed-b547-0605a41b1198,anabasis_book3_english.txt,Media,char-offset:59560,PLACE,http://pleiades.stoa.org/places/903080,Media/Mad(aya),-0750/0640,34.5,46.5,region,VERIFIED,Media|location|region,https://en.wikipedia.org/wiki/Media_(region),location,,region,,,,,
cb038bbe-3cba-43e5-acf7-70827ca40627,anabasis_book3_english.txt,Susa,char-offset:59657,PLACE,http://pleiades.stoa.org/places/912936,"Susa/Seleucia ad Eulaeum|Shushan/Shusha/Susa/Seleucia ad Eulaeum/Shush-i er-Kar, Shush",-6200/2000,32.19202,48.24854,settlement,VERIFIED,Susa|location|referenced,https://en.wikipedia.org/wiki/Susa,location,,,referenced,,,,
d7439b0e-c88b-4e34-b97e-7c7de4db38bc,anabasis_book3_english.txt,Ecbatana,char-offset:59666,PLACE,http://pleiades.stoa.org/places/903021,"Ecbatana/Hagmatana/Achmeta/Epiphaneia/Ahmadan|Ekbatana/Hagmatana/Achmeta/Epiphaneia/Ahmadan, Hamadan",-1200/2000,34.80523,48.51696,settlement,VERIFIED,Ecbatana|location|referenced,https://en.wikipedia.org/wiki/Ecbatana,location,,,referenced,,,,
4bc81aee-608b-4621-86e7-2e2d682b8197,anabasis_book3_english.txt,Lydia,char-offset:59772,PLACE,http://pleiades.stoa.org/places/550701,Lydia/Maionia,-0750/0640,38.62477125,27.9632845,region,VERIFIED,https://en.wikipedia.org/wiki/Lydia_(satrapy).|location|region,https://en.wikipedia.org/wiki/Lydia_(satrapy),location,,region,,,,,
4048a285-2bf5-487e-a5eb-948dc4556ea2,anabasis_book3_english.txt,Ionia,char-offset:59782,PLACE,http://pleiades.stoa.org/places/550597,Ionia (region),-0750/0640,38.25857286,27.36601213,region,VERIFIED,Ionia|location|region,https://en.wikipedia.org/wiki/Ionia,location,,region,,,,,
f6d9c2ca-d049-464d-8f5a-1e629372caaa,anabasis_book3_english.txt,Carduchians,char-offset:59867,PLACE,http://pleiades.stoa.org/places/874541,Kardouchoi,-0550/0640,37.556354,42.176267,people,VERIFIED,Carduchii|collective|ethnic,https://en.wikipedia.org/wiki/Carduchii,collective,ethnic,region,,,,,
396d5baa-8a58-4b98-843c-fd00912ac165,anabasis_book3_english.txt,Carduchians,char-offset:59889,PLACE,http://pleiades.stoa.org/places/874541,Kardouchoi,-0550/0640,37.556354,42.176267,people,VERIFIED,Carduchii|collective|ethnic,https://en.wikipedia.org/wiki/Carduchii,collective,ethnic,region,,,,,
ff4e721a-5a61-4c0a-af88-e756c3abacdb,anabasis_book3_english.txt,Carduchians,char-offset:60298,PLACE,http://pleiades.stoa.org/places/874541,Kardouchoi,-0550/0640,37.556354,42.176267,people,VERIFIED,Carduchii|collective|ethnic,https://en.wikipedia.org/wiki/Carduchii,collective,ethnic,region,,,,,
38257f2a-734b-46ac-8def-a6dace37b9c3,anabasis_book3_english.txt,Carduchians,char-offset:60326,PLACE,http://pleiades.stoa.org/places/874541,Kardouchoi,-0550/0640,37.556354,42.176267,people,VERIFIED,Carduchii|collective|ethnic,https://en.wikipedia.org/wiki/Carduchii,collective,ethnic,region,,,,,
7edfcd60-93ad-47c2-aac7-66dbe1cbb4cc,anabasis_book3_english.txt,Carduchians,char-offset:60700,PLACE,http://pleiades.stoa.org/places/874541,Kardouchoi,-0550/0640,37.556354,42.176267,people,VERIFIED,Carduchii|collective|ethnic,https://en.wikipedia.org/wiki/Carduchii,collective,ethnic,region,,,,,
fb488ce1-8d54-40c7-a46a-bddfe9a75b07,anabasis_book3_english.txt,Armenia,char-offset:60795,PLACE,http://pleiades.stoa.org/places/874350,Armenia,-0550/0640,39.5,40.5,region,VERIFIED,Armenia|location|region,https://en.wikipedia.org/wiki/Satrapy_of_Armenia,location,,region,,,,,
6fdae293-ae90-4712-bab4-d8d88ab4ac70,anabasis_book3_english.txt,Orontas,char-offset:60847,PERSON,,,,,,,,Orontas|person,https://en.wikipedia.org/wiki/Orontes_I,person,,,,,,,
